"Id_struttura";"Azienda";"Cod_struttura";"Denominazione";"Distretto";"Denominazione_sede";"Indirizzo";"Comune";"Azeinda_territorio";"Dataapertura";"Datachiusura";"Desc_tipo";"Sottotipo";"Pubpriv";"Multi";""
"1556";"203";"010022-00";"PRESIDIO OSPEDALIERO DI GIAVENO";"GIAVENO";"STRUTTURA OSPEDALIERA GIAVENO";"VIA SEMINARIO 45";"GIAVENO";"203";"01/01/1988";"01/12/1996";"OSPEDALE GESTIONE DIRETTA PRESIDIO DI ASL";"Nessuna attività specifica";"Pubblico";"N";""
"1539";"201";"010071-00";"OSPEDALE S.GIOVANNI A.S.";"CIRCOSCRIZIONE 1";"OSPEDALE SAN GIOVANNI A.S.";"VIA CAVOUR CAMILLO BENSO 31";"TORINO";"201";"01/01/1984";"31/12/2001";"OSPEDALE GESTIONE DIRETTA PRESIDIO DI ASL";"Nessuna attività specifica";"Pubblico";"N";""
"1547";"202";"010013-00";"OSPEDALE AMEDEO DI SAVOIA";"CIRCOSCRIZIONE 4";"COMPRENS. OSP. AMEDEO DI SAVOIA E BIRAGO DI VISCHE";"CORSO SVIZZERA 164/A";"TORINO";"202";"01/01/1988";"";"OSPEDALE GESTIONE DIRETTA PRESIDIO DI ASL";"Nessuna attività specifica";"Pubblico";"N";""
"1583";"203";"010030-01";"OSPEDALE CIVILE ""E.AGNELLI""";"PINEROLO";"STRUTTURA OSPEDALIERA PINEROLO";"VIA BRIGATA CAGLIARI 39";"PINEROLO";"203";"01/01/1988";"";"OSPEDALE GESTIONE DIRETTA PRESIDIO DI ASL";"Nessuna attività specifica";"Pubblico";"N";""
"1542";"201";"010007-00";"OSPEDALE MARTINI";"CIRCOSCRIZIONE 3";"OSPEDALE MARTINI";"VIA TOFANE 71";"TORINO";"201";"01/01/1988";"";"OSPEDALE GESTIONE DIRETTA PRESIDIO DI ASL";"Nessuna attività specifica";"Pubblico";"N";""
"2971";"202";"010011-01";"TORINO NORD EMERGENZA SAN GIOVANNI BOSCO";"CIRCOSCRIZIONE 6";"OSPEDALE TORINO NORD EMERGENZA SAN GIOVANNI BOSCO";"PIAZZA DEL DONATORE DI SANGUE 3";"TORINO";"202";"01/01/1988";"31/12/2006";"OSPEDALE GESTIONE DIRETTA PRESIDIO DI ASL";"Nessuna attività specifica";"Pubblico";"N";""
"1557";"203";"010036-00";"PRESIDIO OSPEDALIERO DI SUSA";"SUSA";"STRUTTURA OSPEDALIERA SUSA";"CORSO INGHILTERRA 66";"SUSA";"203";"01/01/1988";"01/12/1997";"OSPEDALE GESTIONE DIRETTA PRESIDIO DI ASL";"Nessuna attività specifica";"Pubblico";"N";""
"2970";"202";"010011-00";"TORINO NORD EMERGENZA SAN GIOVANNI BOSCO";"CIRCOSCRIZIONE 6";"OSPEDALE TORINO NORD EMERGENZA SAN GIOVANNI BOSCO";"PIAZZA DEL DONATORE DI SANGUE 3";"TORINO";"202";"01/01/1988";"";"OSPEDALE GESTIONE DIRETTA PRESIDIO DI ASL";"Nessuna attività specifica";"Pubblico";"N";""
"1533";"201";"010010-00";"OSPEDALE OFTALMICO";"CIRCOSCRIZIONE 1";"OSPEDALE OFTALMICO";"VIA JUVARRA FILIPPO 19";"TORINO";"201";"01/01/1984";"";"OSPEDALE GESTIONE DIRETTA PRESIDIO DI ASL";"Nessuna attività specifica";"Pubblico";"N";""
"1546";"202";"010003-00";"OSPEDALE MARIA VITTORIA";"CIRCOSCRIZIONE 4";"OSPEDALE MARIA VITTORIA";"VIA CIBRARIO LUIGI 72";"TORINO";"202";"01/01/1988";"";"OSPEDALE GESTIONE DIRETTA PRESIDIO DI ASL";"Nessuna attività specifica";"Pubblico";"N";""
"2972";"202";"010011-02";"LUIGI EINAUDI";"CIRCOSCRIZIONE 7";"LUIGI EINAUDI";"(INDIRIZZO NON TROVATO) 74";"TORINO";"202";"01/01/1988";"31/12/2000";"OSPEDALE GESTIONE DIRETTA PRESIDIO DI ASL";"Nessuna attività specifica";"Pubblico";"N";""
"5163";"203";"010030-02";"OSPEDALE DI TORRE PELLICE";"VAL PELLICE";"STRUTTURA OSPEDALIERA TORRE PELLICE";"VIA GAY MATTEO 34";"TORRE PELLICE";"203";"01/01/2009";"01/01/2014";"OSPEDALE GESTIONE DIRETTA PRESIDIO DI ASL";"Nessuna attività specifica";"Pubblico";"N";""
"3899";"201";"010012-00";"OSPEDALE EVANGELICO VALDESE";"CIRCOSCRIZIONE 8";"OSPEDALE EVANGELICO VALDESE";"VIA PELLICO SILVIO 19";"TORINO";"201";"01/07/2004";"";"OSPEDALE GESTIONE DIRETTA PRESIDIO DI ASL";"Nessuna attività specifica";"Pubblico";"N";""
"5162";"203";"010030-00";"OSPEDALI RIUNITI PINEROLO";"PINEROLO";"STRUTTURA OSPEDALIERA PINEROLO";"VIA BRIGATA CAGLIARI 39";"PINEROLO";"203";"01/01/1988";"";"OSPEDALE GESTIONE DIRETTA PRESIDIO DI ASL";"Nessuna attività specifica";"Pubblico";"S";""
"5164";"203";"010030-03";"OSPEDALE DI POMARETTO";"VALLI CHISONE E GERMANASCA";"STRUTTURA OSPEDALIERA POMARETTO";"VIA RIBET MAGGIORE 2";"POMARETTO";"203";"01/01/2009";"";"OSPEDALE GESTIONE DIRETTA PRESIDIO DI ASL";"Nessuna attività specifica";"Pubblico";"N";""
"1561";"203";"010079-00";"OSPEDALI RIUNITI RIVOLI";"RIVOLI";"STRUTTURA OSPEDALIERA RIVOLI";"VIA RIVALTA 29";"RIVOLI";"203";"01/01/1988";"";"OSPEDALE GESTIONE DIRETTA PRESIDIO DI ASL";"Nessuna attività specifica";"Pubblico";"S";""
"1679";"203";"010079-02";"OSPEDALE CIVILE DI GIAVENO";"GIAVENO";"STRUTTURA OSPEDALIERA GIAVENO";"VIA SEMINARIO 45";"GIAVENO";"203";"01/01/1988";"";"OSPEDALE GESTIONE DIRETTA PRESIDIO DI ASL";"Nessuna attività specifica";"Pubblico";"N";""
"1680";"203";"010079-03";"OSPEDALE VILLA S.AGOSTINO";"SUSA";"STRUTTURA OSPEDALIERA AVIGLIANA";"VIA SANT'AGOSTINO 5";"AVIGLIANA";"203";"01/01/1988";"30/06/2013";"OSPEDALE GESTIONE DIRETTA PRESIDIO DI ASL";"Nessuna attività specifica";"Pubblico";"N";""
"1682";"204";"010019-01";"PRESIDIO OSPED. RIUNITO SEDE DI CIRIE'";"DISTRETTO 1 Cirie'";"PRESIDIO OSPED.RIUNITO SEDE DI CIRIE'";"VIA BATTITORE 7/9";"CIRIE'";"204";"01/01/1988";"";"OSPEDALE GESTIONE DIRETTA PRESIDIO DI ASL";"Nessuna attività specifica";"Pubblico";"N";""
"3692";"204";"010019-03";"PRESIDIO OSPED. RIUNITO SEDE DI LANZO";"DISTRETTO 1 Cirie'";"PRESIDIO OSPED. RIUNITO SEDE DI LANZO";"VIA DELLA ROCCA MARCHESE 30";"LANZO TORINESE";"204";"01/06/2003";"";"OSPEDALE GESTIONE DIRETTA PRESIDIO DI ASL";"Nessuna attività specifica";"Pubblico";"N";""
"1573";"204";"010017-00";"OSPEDALE CIVICO CHIVASSO";"DISTRETTO 2 Chivasso";"OSPEDALE CIVICO CHIVASSO";"CORSO FERRARIS GALILEO 3";"CHIVASSO";"204";"01/01/1981";"";"OSPEDALE GESTIONE DIRETTA PRESIDIO DI ASL";"Nessuna attività specifica";"Pubblico";"N";""
"5129";"204";"010019-02";"PRESIDIO OSPED. RIUNITO SEDE DI VENARIA";"VENARIA";"PRESIDIO OSPED. RIUNITO SEDE DI VENARIA";"PIAZZA DELL' ANNUNZIATA 4";"VENARIA REALE";"210";"01/01/1988";"30/06/2008";"OSPEDALE GESTIONE DIRETTA PRESIDIO DI ASL";"Nessuna attività specifica";"Pubblico";"N";""
"2416";"205";"010004-02";"OSPEDALE SANTA CROCE";"DISTRETTO 02 Moncalieri";"OSPEDALE SANTA CROCE";"PIAZZA AMEDEO FERDINANDO 3";"MONCALIERI";"205";"01/01/2000";"";"OSPEDALE GESTIONE DIRETTA PRESIDIO DI ASL";"Nessuna attività specifica";"Pubblico";"N";""
"1564";"204";"010025-00";"OSPEDALE ""EREMO DI LANZO""";"DISTRETTO 1 Cirie'";"OSPEDALE ""EREMO DI LANZO""";"(INDIRIZZO NON TROVATO) 60";"LANZO TORINESE";"204";"01/01/1988";"01/11/1996";"OSPEDALE GESTIONE DIRETTA PRESIDIO DI ASL";"Nessuna attività specifica";"Pubblico";"N";""
"1678";"203";"010079-01";"OSPEDALE DEGLI INFERMI";"RIVOLI";"STRUTTURA OSPEDALIERA RIVOLI";"VIA RIVALTA 29";"RIVOLI";"203";"01/01/1988";"";"OSPEDALE GESTIONE DIRETTA PRESIDIO DI ASL";"Nessuna attività specifica";"Pubblico";"N";""
"1580";"204";"010021-00";"OSPEDALE CIVILE DI CUORGNE'";"DISTRETTO 6 Cuorgne'";"OSPEDALE CIVILE DI CUORGNE'";"VIA MUSSATTI ETTORE 5";"CUORGNE'";"204";"01/01/1988";"01/12/1996";"OSPEDALE GESTIONE DIRETTA PRESIDIO DI ASL";"Nessuna attività specifica";"Pubblico";"N";""
"1581";"204";"010023-00";"OSPEDALI RIUNITI DEL CANAVESE";"DISTRETTO 5 Ivrea";"OSPEDALE CIVILE DI IVREA";"PIAZZA DELLA CREDENZA 2";"IVREA";"204";"01/01/1984";"";"OSPEDALE GESTIONE DIRETTA PRESIDIO DI ASL";"Nessuna attività specifica";"Pubblico";"S";""
"1684";"204";"010023-01";"OSPEDALE CIVILE DI IVREA";"DISTRETTO 5 Ivrea";"OSPEDALE CIVILE DI IVREA";"PIAZZA DELLA CREDENZA 2";"IVREA";"204";"01/01/1984";"";"OSPEDALE GESTIONE DIRETTA PRESIDIO DI ASL";"Nessuna attività specifica";"Pubblico";"N";""
"2414";"205";"010004-01";"OSPEDALE MAGGIORE";"DISTRETTO 01 Chieri";"OSPEDALE MAGGIORE DI CHIERI";"VIA DE MARIA 1";"CHIERI";"205";"01/01/2000";"";"OSPEDALE GESTIONE DIRETTA PRESIDIO DI ASL";"Nessuna attività specifica";"Pubblico";"N";""
"1686";"204";"010023-03";"OSPEDALE CIVILE DI CASTELLAMONTE";"DISTRETTO 6 Cuorgne'";"OSPEDALE CIVILE DI CASTELLAMONTE";"PIAZZALE NENNI PIETRO 1";"CASTELLAMONTE";"204";"01/01/1984";"";"OSPEDALE GESTIONE DIRETTA PRESIDIO DI ASL";"Nessuna attività specifica";"Pubblico";"N";""
"3893";"205";"010004-04";"DAY SURGERY DEL DISTRETTO DI NICHELINO";"DISTRETTO 03 Nichelino";"CENTRO POLIFUNZIONALE DI NICHELINO 1";"VIA DEBOUCHE' 8";"NICHELINO";"205";"01/01/2008";"";"OSPEDALE GESTIONE DIRETTA PRESIDIO DI ASL";"La struttura svolge esclusivamente attività chirurgica in Day Surgery";"Pubblico";"N";""
"1681";"203";"010079-04";"OSPEDALE CIVILE DI SUSA";"SUSA";"STRUTTURA OSPEDALIERA SUSA";"CORSO INGHILTERRA 66";"SUSA";"203";"01/01/1988";"";"OSPEDALE GESTIONE DIRETTA PRESIDIO DI ASL";"Nessuna attività specifica";"Pubblico";"N";""
"1563";"204";"010019-00";"PRESIDI OSPED. RIUNITI A.S.L. 6 CIRIE'";"DISTRETTO 1 Cirie'";"PRESIDIO OSPED.RIUNITO SEDE DI CIRIE'";"VIA BATTITORE 7/9";"CIRIE'";"204";"01/01/1988";"";"OSPEDALE GESTIONE DIRETTA PRESIDIO DI ASL";"Nessuna attività specifica";"Pubblico";"S";""
"2202";"205";"010004-00";"OSPEDALI RIUNITI A.S.L. TO 5";"DISTRETTO 01 Chieri";"OSPEDALI RIUNITI A.S.L. TO 5";"VIA DE MARIA GIOVANNI 3";"CHIERI";"205";"01/01/2000";"";"OSPEDALE GESTIONE DIRETTA PRESIDIO DI ASL";"Nessuna attività specifica";"Pubblico";"S";""
"6244";"203";"010079-06";"UNITA' AUTONOMA DI DAY SURGERY DI AVIGLIANA";"SUSA";"STRUTTURA OSPEDALIERA AVIGLIANA";"VIA SANT'AGOSTINO 5";"AVIGLIANA";"203";"01/07/2013";"";"OSPEDALE GESTIONE DIRETTA PRESIDIO DI ASL";"Nessuna attività specifica";"Pubblico";"N";""
"1562";"203";"010179-00";"PRESIDIO OSPEDALIERO DI AVIGLIANA";"SUSA";"STRUTTURA OSPEDALIERA AVIGLIANA";"VIA SANT'AGOSTINO 5";"AVIGLIANA";"203";"01/01/1991";"01/12/1996";"OSPEDALE GESTIONE DIRETTA PRESIDIO DI ASL";"Nessuna attività specifica";"Pubblico";"N";""
"2417";"205";"010004-03";"OSPEDALE SAN LORENZO";"DISTRETTO 04 Carmagnola";"OSPEDALE SAN LORENZO";"VIA OSPEDALE 13";"CARMAGNOLA";"205";"01/01/2000";"";"OSPEDALE GESTIONE DIRETTA PRESIDIO DI ASL";"Nessuna attività specifica";"Pubblico";"N";""
"5483";"204";"010023-04";"SAAPA S.P.A.";"DISTRETTO 3 Settimo Torinese";"OSPEDALE CIVICO CITTA' DI SETTIMO TORINESE";"VIA SANTA CRISTINA 3";"SETTIMO TORINESE";"204";"01/01/2010";"";"OSPEDALE GESTIONE DIRETTA PRESIDIO DI ASL";"Nessuna attività specifica";"Pubblico";"N";""
"1683";"203";"010079-05";"OSPEDALE DI VENARIA";"VENARIA";"STRUTTURA OSPEDALIERA VENARIA";"PIAZZA DELL' ANNUNZIATA 4";"VENARIA REALE";"203";"01/07/2008";"";"OSPEDALE GESTIONE DIRETTA PRESIDIO DI ASL";"Nessuna attività specifica";"Pubblico";"N";""
"1685";"204";"010023-02";"OSPEDALE CIVILE DI CUORGNE'";"DISTRETTO 6 Cuorgne'";"OSPEDALE CIVILE DI CUORGNE'";"VIA MUSSATTI ETTORE 5";"CUORGNE'";"204";"01/01/1988";"";"OSPEDALE GESTIONE DIRETTA PRESIDIO DI ASL";"Nessuna attività specifica";"Pubblico";"N";""
"1565";"204";"010034-00";"PRESIDIO OSPEDALIERO DI VENARIA";"VENARIA";"STRUTTURA OSPEDALIERA VENARIA";"PIAZZA DELL' ANNUNZIATA 4";"VENARIA REALE";"210";"01/01/1984";"01/12/1998";"OSPEDALE GESTIONE DIRETTA PRESIDIO DI ASL";"Nessuna attività specifica";"Pubblico";"N";""
"1576";"205";"010037-00";"OSPEDALE SAN LORENZO";"DISTRETTO 04 Carmagnola";"OSPEDALE SAN LORENZO";"VIA OSPEDALE 13";"CARMAGNOLA";"205";"01/01/1988";"31/12/1999";"OSPEDALE GESTIONE DIRETTA PRESIDIO DI ASL";"Nessuna attività specifica";"Pubblico";"N";""
"2947";"206";"010009-02";"OSPEDALE SS.PIETRO E PAOLO";"Distretto della Valsesia";"OSPEDALE SS.PIETRO PAOLO BORGOSESIA";"VIA ILORINI MO A. F. 20";"BORGOSESIA";"206";"01/01/2000";"";"OSPEDALE GESTIONE DIRETTA PRESIDIO DI ASL";"Nessuna attività specifica";"Pubblico";"N";""
"1592";"207";"010085-00";"OSP.DEGLI INFERMI DI BIELLA";"BIELLA";"OSPEDALE DEGLI INFERMI DI BIELLA VIA CARACCIO 5";"VIA CARACCIO RODOLFO 5";"BIELLA";"207";"01/01/1988";"27/11/2014";"OSPEDALE GESTIONE DIRETTA PRESIDIO DI ASL";"Nessuna attività specifica";"Pubblico";"N";""
"2928";"208";"010006-01";"OSPEDALI RIUNITI ASL 13 NOVARA";"BORGOMANERO";"PRESIDIO OSPEDALIERO BORGOMANERO VIALE ZOPPIS";"VIALE ZOPPIS 10";"BORGOMANERO";"208";"01/01/2000";"31/12/2012";"OSPEDALE GESTIONE DIRETTA PRESIDIO DI ASL";"Nessuna attività specifica";"Pubblico";"N";""
"2921";"209";"010005-02";"STABILIMENTO OSPEDALIERO CASTELLI";"VERBANIA";"STABILIMENTO OSPEDALIERO CASTELLI";"VIA FIUME 18";"VERBANIA";"209";"01/01/2000";"";"OSPEDALE GESTIONE DIRETTA PRESIDIO DI ASL";"Nessuna attività specifica";"Pubblico";"N";""
"2933";"208";"010006-03";"OSPEDALE SAN ROCCO - GALLIATE";"GALLIATE-TRECATE";"PRESIDIO OSPEDALIERO GALLIATE PIAZZA ROSSARI";"PIAZZA ROSSARI 5";"GALLIATE";"208";"01/01/2000";"31/12/2006";"OSPEDALE GESTIONE DIRETTA PRESIDIO DI ASL";"Nessuna attività specifica";"Pubblico";"N";""
"1596";"208";"010105-00";"OSPEDALE SS. TRINITA'- ARONA";"ARONA";"PRESIDIO OSPEDALIERO ARONA VIA SAN CARLO";"VIA SAN CARLO 11";"ARONA";"208";"01/01/1988";"01/01/2000";"OSPEDALE GESTIONE DIRETTA PRESIDIO DI ASL";"Nessuna attività specifica";"Pubblico";"N";""
"1598";"208";"010109-00";"OSPEDALE SAN ROCCO - GALLIATE";"GALLIATE-TRECATE";"PRESIDIO OSPEDALIERO GALLIATE PIAZZA ROSSARI";"PIAZZA ROSSARI 5";"GALLIATE";"208";"01/01/1988";"01/01/2000";"OSPEDALE GESTIONE DIRETTA PRESIDIO DI ASL";"Nessuna attività specifica";"Pubblico";"N";""
"2918";"209";"010005-00";"OSPEDALE UNICO PLURISEDE";"OMEGNA";"SEDE LEGALE AZIENDA ASL VCO";"VIA MAZZINI GIUSEPPE 117";"OMEGNA";"209";"01/01/2000";"";"OSPEDALE GESTIONE DIRETTA PRESIDIO DI ASL";"Nessuna attività specifica";"Pubblico";"S";""
"2946";"206";"010009-01";"OSPEDALE SANT'ANDREA";"Distretto di Vercelli";"OSPEDALE S. ANDREA VERCELLI";"CORSO ABBIATE MARIO 21";"VERCELLI";"206";"01/01/2000";"";"OSPEDALE GESTIONE DIRETTA PRESIDIO DI ASL";"Nessuna attività specifica";"Pubblico";"N";""
"2953";"206";"010009-04";"OSPEDALE SAN SALVATORE";"SANTHIA' GATTINARA";"PRESIDIO SANITARIO POLIFUNZIONALE SANTHIA'";"VIA MATTEOTTI GIACOMO 24";"SANTHIA'";"206";"01/01/2000";"15/01/2007";"OSPEDALE GESTIONE DIRETTA PRESIDIO DI ASL";"Nessuna attività specifica";"Pubblico";"N";""
"2932";"208";"010006-02";"ISTITUTO S.S. TRINIT· - ARONA";"ARONA";"PRESIDIO OSPEDALIERO ARONA VIA SAN CARLO";"VIA SAN CARLO 11";"ARONA";"208";"01/01/2000";"31/12/2012";"OSPEDALE GESTIONE DIRETTA PRESIDIO DI ASL";"Nessuna attività specifica";"Pubblico";"N";""
"2920";"209";"010005-01";"OSPEDALE SAN BIAGIO";"DOMODOSSOLA";"OSPEDALE SAN BIAGIO";"PIAZZA VITTIME DEI LAGER NAZIFASCISTI 1";"DOMODOSSOLA";"209";"01/01/2000";"";"OSPEDALE GESTIONE DIRETTA PRESIDIO DI ASL";"Nessuna attività specifica";"Pubblico";"N";""
"2922";"209";"010005-03";"C.O.Q. OSPEDALE MADONNA DEL POPOLO";"OMEGNA";"C.O.Q. OSPEDALE MADONNA DEL POPOLO S.P.A.";"LUNGO LAGO BUOZZI 25";"OMEGNA";"209";"01/01/2000";"";"OSPEDALE GESTIONE DIRETTA PRESIDIO DI ASL";"Nessuna attività specifica";"Pubblico";"N";""
"2952";"206";"010009-03";"OSPEDALE S. GIOVANNI BATTISTA";"GATTINARA";"PRESIDIO SANITARIO POLIFUNZIONALE DI GATTINARA";"CORSO VERCELLI 159";"GATTINARA";"206";"01/01/2000";"31/08/2008";"OSPEDALE GESTIONE DIRETTA PRESIDIO DI ASL";"Nessuna attività specifica";"Pubblico";"N";""
"2930";"208";"010006-00";"ISTITUTO S.S. TRINIT· - BORGOMANERO";"BORGOMANERO";"PRESIDIO OSPEDALIERO BORGOMANERO VIALE ZOPPIS";"VIALE ZOPPIS 10";"BORGOMANERO";"208";"01/01/2000";"";"OSPEDALE GESTIONE DIRETTA PRESIDIO DI ASL";"Nessuna attività specifica";"Pubblico";"N";""
"1597";"208";"010107-00";"OSPEDALE PSICHIATRICO";"NOVARA";"SEDE LEGALE AZIENDA ASL NO";"VIALE ROMA 7";"NOVARA";"208";"01/01/1988";"01/12/1996";"ISTITUTO PSICHIATRICO RESIDUALE";"Nessuna attività specifica";"Pubblico";"N";""
"2956";"206";"010009-05";"OSPEDALE SS. TRINITA'";"Distretto della Valsesia";"OSPEDALE SS. TRINITA'";"(INDIRIZZO NON TROVATO) 3";"VARALLO";"206";"01/01/2000";"01/12/2001";"OSPEDALE GESTIONE DIRETTA PRESIDIO DI ASL";"Nessuna attività specifica";"Pubblico";"N";""
"1587";"206";"010087-00";"OSPEDALE SS. TRINITA' VARALLO";"Distretto della Valsesia";"OSPEDALE SS. TRINITA' VARALLO";"(INDIRIZZO NON TROVATO) 3";"VARALLO";"206";"01/01/1988";"31/12/1999";"OSPEDALE GESTIONE DIRETTA PRESIDIO DI ASL";"Nessuna attività specifica";"Pubblico";"N";""
"1589";"206";"010091-00";"OSPEDALE SAN SALVATORE SANTHIA'";"SANTHIA' GATTINARA";"PRESIDIO SANITARIO POLIFUNZIONALE SANTHIA'";"VIA MATTEOTTI GIACOMO 24";"SANTHIA'";"206";"01/01/1988";"31/12/1999";"OSPEDALE GESTIONE DIRETTA PRESIDIO DI ASL";"Nessuna attività specifica";"Pubblico";"N";""
"6518";"207";"010032-00";"OSPEDALE DEGLI INFERMI";"BIELLA";"OSPEDALE DEGLI INFERMI";"VIA DEI PONDERANESI 2";"PONDERANO";"207";"28/11/2014";"";"OSPEDALE GESTIONE DIRETTA PRESIDIO DI ASL";"Nessuna attività specifica";"Pubblico";"N";""
"1574";"205";"010018-00";"OSPEDALE MAGGIORE";"DISTRETTO 01 Chieri";"OSPEDALE MAGGIORE DI CHIERI";"VIA DE MARIA 1";"CHIERI";"205";"01/01/1988";"31/12/1999";"OSPEDALE GESTIONE DIRETTA PRESIDIO DI ASL";"Nessuna attività specifica";"Pubblico";"N";""
"1595";"208";"010103-00";"OSPEDALE S.S. TRINITA' - BORGOMANERO";"BORGOMANERO";"PRESIDIO OSPEDALIERO BORGOMANERO VIALE ZOPPIS";"VIALE ZOPPIS 10";"BORGOMANERO";"208";"01/01/1988";"01/01/2000";"OSPEDALE GESTIONE DIRETTA PRESIDIO DI ASL";"Nessuna attività specifica";"Pubblico";"N";""
"1586";"206";"010086-00";"OSPEDALE SS. PIETRO E PAOLO BORGOSESIA";"Distretto della Valsesia";"OSPEDALE SS.PIETRO PAOLO BORGOSESIA";"VIA ILORINI MO A. F. 20";"BORGOSESIA";"206";"01/01/1988";"31/12/1999";"OSPEDALE GESTIONE DIRETTA PRESIDIO DI ASL";"Nessuna attività specifica";"Pubblico";"N";""
"5126";"209";"010016-00";"PROVE";"OMEGNA";"SEDE LEGALE AZIENDA ASL VCO";"VIA MAZZINI GIUSEPPE 117";"OMEGNA";"209";"19/05/2008";"19/05/2008";"OSPEDALE GESTIONE DIRETTA PRESIDIO DI ASL";"Nessuna attività specifica";"Pubblico";"S";""
"1575";"205";"010028-00";"OSPEDALE SANTA CROCE";"DISTRETTO 02 Moncalieri";"OSPEDALE SANTA CROCE";"PIAZZA AMEDEO FERDINANDO 3";"MONCALIERI";"205";"01/01/1988";"31/12/1999";"OSPEDALE GESTIONE DIRETTA PRESIDIO DI ASL";"Nessuna attività specifica";"Pubblico";"N";""
"1585";"206";"010082-00";"OSPEDALE S.ANDREA";"Distretto di Vercelli";"OSPEDALE S. ANDREA VERCELLI";"CORSO ABBIATE MARIO 21";"VERCELLI";"206";"01/01/1984";"31/12/1999";"OSPEDALE GESTIONE DIRETTA PRESIDIO DI ASL";"Nessuna attività specifica";"Pubblico";"N";""
"2945";"206";"010009-00";"OSPEDALE UNICO DEL VERCELLESE";"Distretto di Vercelli";"OSPEDALE S. ANDREA VERCELLI";"CORSO ABBIATE MARIO 21";"VERCELLI";"206";"01/01/2000";"";"OSPEDALE GESTIONE DIRETTA PRESIDIO DI ASL";"Nessuna attività specifica";"Pubblico";"S";""
"1588";"206";"010088-00";"OSP.S.GIOVANNI BATTISTA GATTINARA";"GATTINARA";"PRESIDIO SANITARIO POLIFUNZIONALE DI GATTINARA";"CORSO VERCELLI 159";"GATTINARA";"206";"01/01/1988";"31/12/1999";"OSPEDALE GESTIONE DIRETTA PRESIDIO DI ASL";"Nessuna attività specifica";"Pubblico";"N";""
"1614";"210";"010125-00";"OSPEDALE CIVILE DI SALUZZO";"Distretto di Saluzzo";"OSPEDALE CIVILE SALUZZO CN1";"VIA SPIELBERG 58";"SALUZZO";"210";"01/01/1988";"31/12/1999";"OSPEDALE GESTIONE DIRETTA PRESIDIO DI ASL";"Nessuna attività specifica";"Pubblico";"N";""
"1658";"211";"010120-02";"OSPEDALE SANTO SPIRITO BRA";"BRA";"OSPEDALE S. SPIRITO V. V. EMANUELE, 3 BRA";"VIA VITTORIO EMANUELE II 3";"BRA";"211";"01/01/1984";"";"OSPEDALE GESTIONE DIRETTA PRESIDIO DI ASL";"Nessuna attività specifica";"Pubblico";"N";""
"1607";"210";"010182-00";"PRESIDIO DI BOVES";"Dronero";"PRESIDIO MULTIFUNZIONALE CARAGLIO CN1";"VIA VALGRANA 6";"CARAGLIO";"210";"01/01/1991";"03/08/2004";"OSPEDALE GESTIONE DIRETTA PRESIDIO DI ASL";"Esclusiva attività di RRF";"Pubblico";"N";""
"1615";"210";"010126-00";"PRESIDIO UNIFICATO SAVIGLIANO-SALUZZO CN1";"Distretto di Fossano-Savigliano";"OSPEDALE MAGGIORE S.S. ANNUNZIATA SAVIGLIANO CN1";"VIA OSPEDALI 14";"SAVIGLIANO";"210";"01/01/1988";"";"OSPEDALE GESTIONE DIRETTA PRESIDIO DI ASL";"Nessuna attività specifica";"Pubblico";"S";""
"2054";"210";"010126-01";"OSP. MAGGIORE SS. ANNUNZIATA SAVIGLIANO CN1";"Distretto di Fossano-Savigliano";"OSPEDALE MAGGIORE S.S. ANNUNZIATA SAVIGLIANO CN1";"VIA OSPEDALI 14";"SAVIGLIANO";"210";"01/01/1988";"";"OSPEDALE GESTIONE DIRETTA PRESIDIO DI ASL";"Nessuna attività specifica";"Pubblico";"N";""
"1616";"210";"010127-00";"OSP.NEUROPSICHIATRICO PROVINC.";"Distretto di Fossano-Savigliano";"OSP.NEUROPSICHIATRICO PROVINC.";"VIA ORMESANO 16";"RACCONIGI";"210";"01/09/1971";"01/12/1996";"ISTITUTO PSICHIATRICO RESIDUALE";"Nessuna attività specifica";"Pubblico";"N";""
"5128";"209";"010020-00";"PROVE 2";"OMEGNA";"SEDE LEGALE AZIENDA ASL VCO";"VIA MAZZINI GIUSEPPE 117";"OMEGNA";"209";"19/05/2008";"19/05/2008";"OSPEDALE GESTIONE DIRETTA PRESIDIO DI ASL";"Nessuna attività specifica";"Pubblico";"N";""
"3938";"210";"010014-00";"PRESIDIO DI CARAGLIO";"BORGO SAN DALMAZZO e DRONERO";"PRESIDIO MULTIFUNZIONALE CARAGLIO CN1";"VIA VALGRANA 6";"CARAGLIO";"210";"03/08/2004";"31/12/2008";"OSPEDALE GESTIONE DIRETTA PRESIDIO DI ASL";"Nessuna attività specifica";"Pubblico";"N";""
"1611";"210";"010124-00";"PRESIDIO UNIFICATO MONDOVI-CEVA CN1";"Distretto di Mondovi'";"OSPEDALE DI MONDOVI' CN1";"STRADA DI SAN ROCCHETTO 99";"MONDOVI'";"210";"01/01/1988";"";"OSPEDALE GESTIONE DIRETTA PRESIDIO DI ASL";"Nessuna attività specifica";"Pubblico";"S";""
"2480";"210";"010126-02";"OSP. CIVILE DI SALUZZO CN1";"Distretto di Saluzzo";"OSPEDALE CIVILE SALUZZO CN1";"VIA SPIELBERG 58";"SALUZZO";"210";"01/01/2000";"";"OSPEDALE GESTIONE DIRETTA PRESIDIO DI ASL";"Nessuna attività specifica";"Pubblico";"N";""
"1609";"210";"010591-00";"PRESIDIO DI CARAGLIO";"Dronero";"PRESIDIO MULTIFUNZIONALE CARAGLIO CN1";"VIA VALGRANA 6";"CARAGLIO";"210";"01/01/1988";"03/08/2004";"OSPEDALE GESTIONE DIRETTA PRESIDIO DI ASL";"Nessuna attività specifica";"Pubblico";"N";""
"1656";"210";"010124-02";"NUOVO OSPEDALE DI CEVA CN1";"Distretto di Ceva";"OSPEDALE DI CEVA CN1";"REGIONE SAN BERNARDINO 4";"CEVA";"210";"01/01/1993";"";"OSPEDALE GESTIONE DIRETTA PRESIDIO DI ASL";"Nessuna attività specifica";"Pubblico";"N";""
"1612";"210";"010189-00";"NUOVO OSPEDALE";"Distretto di Ceva";"NUOVO OSPEDALE";"(INDIRIZZO NON TROVATO) 4";"CEVA";"210";"01/01/1993";"01/12/1996";"OSPEDALE GESTIONE DIRETTA PRESIDIO DI ASL";"Nessuna attività specifica";"Pubblico";"N";""
"1618";"211";"010121-00";"OSPEDALE SANTO SPIRITO BRA";"BRA";"OSPEDALE S. SPIRITO V. V. EMANUELE, 3 BRA";"VIA VITTORIO EMANUELE II 3";"BRA";"211";"01/01/1984";"01/12/1996";"OSPEDALE GESTIONE DIRETTA PRESIDIO DI ASL";"Nessuna attività specifica";"Pubblico";"N";""
"5186";"210";"010027-00";"PRESIDIO UNIFICATO FOSSANO-CARAGLIO CN1";"Distretto di Fossano-Savigliano";"OSPEDALE MAGGIORE SS. TRINITA' FOSSANO CN1";"VIA OSPEDALE MAGGIORE 4";"FOSSANO";"210";"01/01/2009";"";"OSPEDALE GESTIONE DIRETTA PRESIDIO DI ASL";"Nessuna attività specifica";"Pubblico";"S";""
"1655";"210";"010124-01";"OSPEDALE DI MONDOVI' CN1";"Distretto di Mondovi'";"OSPEDALE DI MONDOVI' CN1";"STRADA DI SAN ROCCHETTO 99";"MONDOVI'";"210";"01/01/1988";"";"OSPEDALE GESTIONE DIRETTA PRESIDIO DI ASL";"Nessuna attività specifica";"Pubblico";"N";""
"1603";"209";"010111-00";"OSPEDALE ""MADONNA DEL POPOLO""";"OMEGNA";"DISTRETTO SANITARIO";"VIA MAZZINI GIUSEPPE 96";"OMEGNA";"209";"01/01/1981";"31/12/1999";"OSPEDALE GESTIONE DIRETTA PRESIDIO DI ASL";"Nessuna attività specifica";"Pubblico";"N";""
"3569";"209";"010896-00";"CENTRO ORTOPEDICO DI QUADRANTE";"OMEGNA";"CENTRO ORTOPEDICO DI QUADRANTE";"LUNGO LAGO BUOZZI 25";"OMEGNA";"209";"01/10/2002";"31/12/2010";"ISTITUTO QUALIFICATO PRESIDIO DI ASL";"Nessuna attività specifica";"Equiparato";"N";""
"2940";"212";"010008-00";"OSPEDALI RIUNITI ASL AT";"ASTI CENTRO";"OSPEDALI RIUNITI ASL 19";"CORSO DANTE 202";"ASTI";"212";"01/01/2000";"";"OSPEDALE GESTIONE DIRETTA PRESIDIO DI ASL";"Nessuna attività specifica";"Pubblico";"S";""
"5127";"209";"010016-01";"PROVA STRUTTURA DI MULTIISTIY";"DOMODOSSOLA";"OSPEDALE SAN BIAGIO";"PIAZZA VITTIME DEI LAGER NAZIFASCISTI 1";"DOMODOSSOLA";"209";"19/05/2008";"19/05/2008";"OSPEDALE GESTIONE DIRETTA PRESIDIO DI ASL";"Nessuna attività specifica";"Pubblico";"N";""
"1610";"210";"010592-00";"OSPEDALE DI BUSCA";"Dronero";"OSPEDALE DI BUSCA";"PIAZZA REGINA MARGHERITA 0";"BUSCA";"210";"01/01/1988";"01/01/1997";"OSPEDALE GESTIONE DIRETTA PRESIDIO DI ASL";"Nessuna attività specifica";"Pubblico";"N";""
"1617";"211";"010120-00";"OSP. S.LAZZARO-ALBA E S.SPRITO BRA";"ALBA";"OSPEDALE SAN LAZZARO - ALBA";"VIA BELLI PIERINO 26";"ALBA";"211";"01/01/1980";"";"OSPEDALE GESTIONE DIRETTA PRESIDIO DI ASL";"Nessuna attività specifica";"Pubblico";"S";""
"2944";"212";"010008-02";"PRESIDIO OSPEDALIERO S. SPIRITO-VALLE BELBO";"ASTI SUD - NIZZA M.TO";"PRESIDIO OSPEDALIERO S.SPIRITO VALLE BELBO";"PIAZZA GARIBALDI GIUSEPPE 14";"NIZZA MONFERRATO";"212";"01/01/2000";"";"OSPEDALE GESTIONE DIRETTA PRESIDIO DI ASL";"Nessuna attività specifica";"Pubblico";"N";""
"5187";"210";"010027-01";"OSP. MAGGIORE SS. TRINITA' FOSSANO CN1";"Distretto di Fossano-Savigliano";"OSPEDALE MAGGIORE SS. TRINITA' FOSSANO CN1";"VIA OSPEDALE MAGGIORE 4";"FOSSANO";"210";"01/01/2009";"";"OSPEDALE GESTIONE DIRETTA PRESIDIO DI ASL";"Nessuna attività specifica";"Pubblico";"N";""
"1602";"209";"010106-00";"STABILIMENTO OSPEDALIERO";"VERBANIA";"POLIAMBULATORIO OSP. VERBANIA";"VIA CROCETTA 1";"VERBANIA";"209";"01/01/1988";"31/12/1999";"OSPEDALE GESTIONE DIRETTA PRESIDIO DI ASL";"Nessuna attività specifica";"Pubblico";"N";""
"2943";"212";"010008-01";"PRESIDIO OSP. CARDINAL G. MASSAIA";"ASTI CENTRO";"OSPEDALI RIUNITI ASL 19";"CORSO DANTE 202";"ASTI";"212";"01/01/2000";"";"OSPEDALE GESTIONE DIRETTA PRESIDIO DI ASL";"Nessuna attività specifica";"Pubblico";"N";""
"1601";"209";"010104-00";"OSPEDALE SAN BIAGIO";"DOMODOSSOLA";"OSPEDALE SAN BIAGIO";"PIAZZA VITTIME DEI LAGER NAZIFASCISTI 1";"DOMODOSSOLA";"209";"01/01/1988";"31/12/1999";"OSPEDALE GESTIONE DIRETTA PRESIDIO DI ASL";"Nessuna attività specifica";"Pubblico";"N";""
"1623";"212";"010152-00";"PRESIDIO OSPEDALIERO DI ASTI";"ASTI CENTRO";"OSPEDALI RIUNITI ASL 19";"CORSO DANTE 202";"ASTI";"212";"01/01/1988";"31/12/1999";"OSPEDALE GESTIONE DIRETTA PRESIDIO DI ASL";"Nessuna attività specifica";"Pubblico";"S";""
"1657";"211";"010120-01";"OSPEDALE SAN LAZZARO - ALBA";"ALBA";"OSPEDALE SAN LAZZARO - ALBA";"VIA BELLI PIERINO 26";"ALBA";"211";"01/01/1980";"";"OSPEDALE GESTIONE DIRETTA PRESIDIO DI ASL";"Nessuna attività specifica";"Pubblico";"N";""
"5188";"210";"010027-02";"PRESIDIO DI CARAGLIO CN1";"Distretto di Dronero";"PRESIDIO MULTIFUNZIONALE CARAGLIO CN1";"VIA VALGRANA 6";"CARAGLIO";"210";"01/01/2009";"";"OSPEDALE GESTIONE DIRETTA PRESIDIO DI ASL";"Nessuna attività specifica";"Pubblico";"N";""
"1613";"210";"010123-00";"OSPEDALE MAGGIORE SS. TRINITA'";"Distretto di Fossano-Savigliano";"OSPEDALE MAGGIORE SS. TRINITA' FOSSANO CN1";"VIA OSPEDALE MAGGIORE 4";"FOSSANO";"210";"01/01/1988";"31/12/1999";"OSPEDALE GESTIONE DIRETTA PRESIDIO DI ASL";"Nessuna attività specifica";"Pubblico";"N";""
"2482";"210";"010126-03";"OSP. MAGGIORE SS. TRINITA' FOSSANO";"Distretto di Fossano-Savigliano";"OSPEDALE MAGGIORE SS. TRINITA' FOSSANO CN1";"VIA OSPEDALE MAGGIORE 4";"FOSSANO";"210";"01/01/2000";"31/12/2008";"OSPEDALE GESTIONE DIRETTA PRESIDIO DI ASL";"Nessuna attività specifica";"Pubblico";"N";""
"1626";"212";"010156-00";"PRESIDIO OSPED. DI NIZZA/CANELLI";"ASTI SUD - NIZZA M.TO";"PRESIDIO OSPEDALIERO S.SPIRITO VALLE BELBO";"PIAZZA GARIBALDI GIUSEPPE 14";"NIZZA MONFERRATO";"212";"01/01/1988";"31/12/1999";"OSPEDALE GESTIONE DIRETTA PRESIDIO DI ASL";"Nessuna attività specifica";"Pubblico";"S";""
"5176";"213";"010024-00";"OSPEDALE VALENZA";"VALENZA";"EX OSPEDALE VALENZA";"VIALE SANTUARIO 74";"VALENZA";"213";"01/01/2009";"31/12/2008";"OSPEDALE GESTIONE DIRETTA PRESIDIO DI ASL";"Nessuna attività specifica";"Pubblico";"N";""
"5181";"213";"010026-03";"OSPEDALE SS. ANTONIO E MARGHERITA TORTONA";"TORTONA";"OSPEDALE SS ANTONIO E MARGHERITA";"PIAZZA CAVALLOTTI FELICE 7";"TORTONA";"213";"01/01/2009";"";"OSPEDALE GESTIONE DIRETTA PRESIDIO DI ASL";"Nessuna attività specifica";"Pubblico";"N";""
"1625";"212";"010154-00";"OSPEDALE CIVILE DI CANELLI";"ASTI SUD - NIZZA M.TO";"GUARDIA MEDICA CANELLI";"VIA SOLFERINO 0";"CANELLI";"212";"01/01/1988";"01/12/1996";"OSPEDALE GESTIONE DIRETTA PRESIDIO DI ASL";"Nessuna attività specifica";"Pubblico";"N";""
"3708";"213";"010015-00";"OSPEDALI RIUNITI ASL 21";"CASALE M.TO";"SEDE LEGALE AZIENDA ASL AL PRESIDIO S. SPIRITO";"VIALE GIOLITTI GIOVANNI 2";"CASALE MONFERRATO";"213";"01/06/2003";"31/12/2008";"OSPEDALE GESTIONE DIRETTA PRESIDIO DI ASL";"Nessuna attività specifica";"Pubblico";"S";""
"3712";"213";"010015-02";"PRESIDIO VALENZA";"VALENZA";"EX OSPEDALE VALENZA";"VIALE SANTUARIO 74";"VALENZA";"213";"01/06/2003";"31/12/2008";"OSPEDALE GESTIONE DIRETTA PRESIDIO DI ASL";"Nessuna attività specifica";"Pubblico";"N";""
"1652";"213";"010164-00";"OSPEDALE S. SPIRITO";"CASALE M.TO";"SERVIZIO TERRITORIALE DI IGIENE MENTALE";"VIALE GIOLITTI GIOVANNI 8";"CASALE MONFERRATO";"213";"01/01/1988";"31/07/2003";"OSPEDALE GESTIONE DIRETTA PRESIDIO DI ASL";"Nessuna attività specifica";"Pubblico";"N";""
"1662";"212";"010156-02";"OSPEDALE CIVILE DI CANELLI";"ASTI SUD - NIZZA M.TO";"GUARDIA MEDICA CANELLI";"VIA SOLFERINO 0";"CANELLI";"212";"01/01/1988";"31/12/1999";"OSPEDALE GESTIONE DIRETTA PRESIDIO DI ASL";"Nessuna attività specifica";"Pubblico";"N";""
"3710";"213";"010015-01";"OSPEDALE S. SPIRITO";"CASALE M.TO";"SEDE LEGALE AZIENDA ASL AL PRESIDIO S. SPIRITO";"VIALE GIOLITTI GIOVANNI 2";"CASALE MONFERRATO";"213";"01/08/2003";"31/12/2008";"OSPEDALE GESTIONE DIRETTA PRESIDIO DI ASL";"Nessuna attività specifica";"Pubblico";"N";""
"1661";"212";"010156-01";"PRESIDIO OSPED. DI NIZZA";"ASTI SUD - NIZZA M.TO";"CASA SALUTE NIZZA";"PIAZZA GARIBALDI GIUSEPPE 17";"NIZZA MONFERRATO";"212";"01/01/1988";"31/12/1999";"OSPEDALE GESTIONE DIRETTA PRESIDIO DI ASL";"Nessuna attività specifica";"Pubblico";"N";""
"1635";"213";"010165-00";"OSPEDALI RIUNITI ASL 22";"NOVI LIGURE";"OSPEDALE SAN GIACOMO NOVI LIGURE";"VIA RAGGIO EDILIO 12";"NOVI LIGURE";"213";"01/11/1996";"31/12/2008";"OSPEDALE GESTIONE DIRETTA PRESIDIO DI ASL";"Nessuna attività specifica";"Pubblico";"S";""
"5178";"213";"010026-00";"OSPEDALI RIUNITI ASL AL";"CASALE M.TO";"SEDE LEGALE AZIENDA ASL AL PRESIDIO S. SPIRITO";"VIALE GIOLITTI GIOVANNI 2";"CASALE MONFERRATO";"213";"01/01/2009";"";"OSPEDALE GESTIONE DIRETTA PRESIDIO DI ASL";"Nessuna attività specifica";"Pubblico";"S";""
"5180";"213";"010026-02";"OSPEDALE VALENZA";"VALENZA";"EX OSPEDALE VALENZA";"VIALE SANTUARIO 74";"VALENZA";"213";"01/01/2009";"31/03/2015";"OSPEDALE GESTIONE DIRETTA PRESIDIO DI ASL";"Nessuna attività specifica";"Pubblico";"N";""
"5182";"213";"010026-04";"OSPEDALE SAN GIACOMO NOVI";"NOVI LIGURE";"OSPEDALE SAN GIACOMO NOVI LIGURE";"VIA RAGGIO EDILIO 12";"NOVI LIGURE";"213";"01/01/2009";"";"OSPEDALE GESTIONE DIRETTA PRESIDIO DI ASL";"Nessuna attività specifica";"Pubblico";"N";""
"1634";"213";"010163-00";"OSPEDALE CIVILE ACQUI TERME";"ACQUI TERME";"OSPEDALE CIVILE ACQUI TERME";"VIA FATEBENEFRATELLI 1";"ACQUI TERME";"213";"01/01/1984";"01/12/1996";"OSPEDALE GESTIONE DIRETTA PRESIDIO DI ASL";"Nessuna attività specifica";"Pubblico";"N";""
"5179";"213";"010026-01";"OSPEDALE SANTO SPIRITO CASALE";"CASALE M.TO";"SEDE LEGALE AZIENDA ASL AL PRESIDIO S. SPIRITO";"VIALE GIOLITTI GIOVANNI 2";"CASALE MONFERRATO";"213";"01/01/2009";"";"OSPEDALE GESTIONE DIRETTA PRESIDIO DI ASL";"Nessuna attività specifica";"Pubblico";"N";""
"5184";"213";"010026-06";"OSPEDALE CIVILE OVADA";"OVADA";"OSPEDALE CIVILE OVADA";"VIA RUFFINI BERNARDO 22";"OVADA";"213";"01/01/2009";"";"OSPEDALE GESTIONE DIRETTA PRESIDIO DI ASL";"Nessuna attività specifica";"Pubblico";"N";""
"1659";"212";"010152-01";"PRESIDIO OSPEDALIERO DI ASTI";"ASTI CENTRO";"OSPEDALI RIUNITI ASL 19";"CORSO DANTE 202";"ASTI";"212";"01/01/1988";"31/12/1999";"OSPEDALE GESTIONE DIRETTA PRESIDIO DI ASL";"Nessuna attività specifica";"Pubblico";"N";""
"1663";"213";"010165-01";"OSPEDALE SAN GIACOMO";"NOVI LIGURE";"OSPEDALE SAN GIACOMO NOVI LIGURE";"VIA RAGGIO EDILIO 12";"NOVI LIGURE";"213";"01/11/1996";"31/12/2008";"OSPEDALE GESTIONE DIRETTA PRESIDIO DI ASL";"Nessuna attività specifica";"Pubblico";"N";""
"1660";"212";"010152-02";"PRESIDIO OSP. ASTI SEDE DECENTRATA";"ASTI CENTRO";"PRESIDIO OSP. ASTI SEDE DECENTRATA";"(INDIRIZZO NON TROVATO) 15";"ASTI";"212";"01/01/1988";"31/12/1999";"OSPEDALE GESTIONE DIRETTA PRESIDIO DI ASL";"Nessuna attività specifica";"Pubblico";"N";""
"1624";"212";"010153-00";"OSPED. CIVILE SEDE DECENTRATA";"ASTI CENTRO";"OSPED. CIVILE SEDE DECENTRATA";"(INDIRIZZO NON TROVATO) 15";"ASTI";"212";"01/01/1988";"01/12/1996";"OSPEDALE GESTIONE DIRETTA PRESIDIO DI ASL";"Nessuna attività specifica";"Pubblico";"N";""
"5183";"213";"010026-05";"OSPEDALE CIVILE ACQUI";"ACQUI TERME";"OSPEDALE CIVILE ACQUI TERME";"VIA FATEBENEFRATELLI 1";"ACQUI TERME";"213";"01/01/2009";"";"OSPEDALE GESTIONE DIRETTA PRESIDIO DI ASL";"Nessuna attività specifica";"Pubblico";"N";""
"1630";"213";"010162-00";"EX OSPEDALE PSICHIATRICO";"ALESSANDRIA";"SEDE ASL VIA VENEZIA";"VIA VENEZIA 6";"ALESSANDRIA";"213";"01/01/1984";"01/12/1996";"ISTITUTO PSICHIATRICO RESIDUALE";"Nessuna attività specifica";"Pubblico";"N";""
"1643";"906";"010906-00";"AZ. OSPEDAL. S. CROCE E CARLE";"Distretto di Cuneo - Borgo San Dalmazzo";"SEDE LEGALE AZIENDA ASO S.CROCE E CARLE CUNEO";"VIA COPPINO MICHELE 26";"CUNEO";"210";"01/09/1960";"";"AZIENDA OSPEDALIERA";"Nessuna attività specifica";"Pubblico";"N";""
"1640";"903";"010903-00";"AZIENDA OSPEDALIERA O.I.R.M.S.-SANT'ANNA";"CIRCOSCRIZIONE 10";"OSP.OSTETR.GINECOLOG.SANT'ANNA";"CORSO SPEZIA 60";"TORINO";"201";"01/10/1938";"30/06/2012";"AZIENDA OSPEDALIERA";"Nessuna attività specifica";"Pubblico";"S";""
"1639";"902";"010902-00";"C.T.O.-MARIA ADELAIDE";"CIRCOSCRIZIONE 9";"PRES. OSP. CENTRO TRAUMATOLOGICO ORTOPEDICO CTO";"VIA ZURETTI GIANFRANCO 29";"TORINO";"201";"01/01/1984";"30/06/2012";"AZIENDA OSPEDALIERA";"Nessuna attività specifica";"Pubblico";"N";""
"4666";"908";"010908-01";"OSPEDALE MAURIZIANO UMBERTO I - TORINO";"CIRCOSCRIZIONE 1";"AZIENDA OSP. ORDINE MAURIZIANO DI TORINO";"LARGO TURATI FILIPPO 62";"TORINO";"201";"01/02/2005";"31/12/2009";"AZIENDA OSPEDALIERA";"Nessuna attività specifica";"Pubblico";"N";""
"6141";"909";"010909-03";"OSPEDALE SAN GIOVANNI ANTICA SEDE";"CIRCOSCRIZIONE 1";"OSPEDALE SAN GIOVANNI ANTICA SEDE";"VIA CAVOUR CAMILLO BENSO 31";"TORINO";"201";"01/07/2012";"";"AZIENDA OSPEDALIERO-UNIVERSITARIA E POLICLINICO";"Nessuna attività specifica";"Pubblico";"N";""
"6145";"909";"010909-05";"ISTITUTO CHIRURGICO ORTOPEDICO REGINA MARIA ADELAIDE";"CIRCOSCRIZIONE 7";"PRES. OSP. IS. CHIR. ORT. R. MARIA ADELAIDE ICORMA";"LUNGO DORA FIRENZE 87";"TORINO";"202";"01/07/2012";"";"AZIENDA OSPEDALIERA";"Nessuna attività specifica";"Pubblico";"N";""
"1670";"902";"010902-02";"CENTRO DI RIEDUCAZIONE FUNZIONALE";"CIRCOSCRIZIONE 1";"PRES. OSP. CENTRO DI RIEDUCAZIONE FUNZIONALE CRF";"STRADA COMUNALE DI SAN VITO REVIGLIASCO 460";"TORINO";"201";"01/01/1988";"19/07/2007";"AZIENDA OSPEDALIERA";"Nessuna attività specifica";"Pubblico";"N";""
"1641";"904";"010904-00";"AZIENDA OSPEDALIERO UNIVERSITARIA S.LUIGI";"ORBASSANO";"SEDE LEGALE AOU SAN LUIGI GONZAGA";"REGIONE GONZOLE 10";"ORBASSANO";"203";"01/01/1981";"";"AZIENDA OSPEDALIERO-UNIVERSITARIA E POLICLINICO";"Nessuna attività specifica";"Pubblico";"N";""
"4967";"905";"010905-00";"AZIENDA OSPED. NOVARA E GALLIATE";"NOVARA";"SEDE LEGALE AZIENDA ASO 905";"CORSO MAZZINI GIUSEPPE 18";"NOVARA";"208";"01/01/1988";"";"AZIENDA OSPEDALIERO-UNIVERSITARIA E POLICLINICO";"Nessuna attività specifica";"Pubblico";"S";""
"1667";"901";"010901-02";"OSP. DERMATOLOGICO S. LAZZARO";"CIRCOSCRIZIONE 8";"S. LAZZARO DERMATOLOGICO";"VIA CHERASCO 23";"TORINO";"201";"01/01/1988";"30/06/2012";"AZIENDA OSPEDALIERO-UNIVERSITARIA E POLICLINICO";"Nessuna attività specifica";"Pubblico";"N";""
"1669";"902";"010902-01";"CENTRO TRAUMATOLOGICO ORTOPEDICO";"CIRCOSCRIZIONE 9";"PRES. OSP. CENTRO TRAUMATOLOGICO ORTOPEDICO CTO";"VIA ZURETTI GIANFRANCO 29";"TORINO";"201";"01/01/1984";"30/06/2012";"AZIENDA OSPEDALIERA";"Nessuna attività specifica";"Pubblico";"N";""
"1673";"903";"010903-02";"OSP. INFANT. REGINA MARGHERITA";"CIRCOSCRIZIONE 10";"OSP. INFANT. REGINA MARGHERITA";"PIAZZA POLONIA 94";"TORINO";"201";"01/01/1970";"30/06/2012";"AZIENDA OSPEDALIERA";"Nessuna attività specifica";"Pubblico";"N";""
"6144";"909";"010909-04";"OSPEDALE CENTRO TRAUMATOLOGICO ORTOPEDICO";"CIRCOSCRIZIONE 9";"PRES. OSP. CENTRO TRAUMATOLOGICO ORTOPEDICO CTO";"VIA ZURETTI GIANFRANCO 29";"TORINO";"201";"01/07/2012";"";"AZIENDA OSPEDALIERA";"Nessuna attività specifica";"Pubblico";"N";""
"1664";"213";"010165-02";"OSPEDALE CIVILE ACQUI TERME";"ACQUI TERME";"OSPEDALE CIVILE ACQUI TERME";"VIA FATEBENEFRATELLI 1";"ACQUI TERME";"213";"01/11/1996";"31/12/2008";"OSPEDALE GESTIONE DIRETTA PRESIDIO DI ASL";"Nessuna attività specifica";"Pubblico";"N";""
"1665";"213";"010165-03";"OSPEDALE CIVILE - OVADA";"OVADA";"OSPEDALE CIVILE OVADA";"VIA RUFFINI BERNARDO 22";"OVADA";"213";"01/11/1996";"31/12/2008";"OSPEDALE GESTIONE DIRETTA PRESIDIO DI ASL";"Nessuna attività specifica";"Pubblico";"N";""
"4667";"908";"010908-02";"ISTITUTO PER LA RICERCA E LA CURA DEL CANCRO - IRCC CANDIOLO";"DISTRETTO 03 Nichelino";"ISTITUTO PER LA RICERCA E LA CURA DEL CANCRO";"STRADA PROVINCIALE 142 DI PIOBESI - NONE-ORBASSANO (TO) 142";"CANDIOLO";"205";"01/02/2005";"31/12/2009";"AZIENDA OSPEDALIERA";"Nessuna attività specifica";"Pubblico";"N";""
"6146";"909";"010909-06";"OSPEDALE OSTETRICO GINECOLOGICO SANT'ANNA";"CIRCOSCRIZIONE 10";"OSP.OSTETR.GINECOLOG.SANT'ANNA";"CORSO SPEZIA 60";"TORINO";"201";"01/07/2012";"";"AZIENDA OSPEDALIERA";"Nessuna attività specifica";"Pubblico";"N";""
"1672";"903";"010903-01";"OSP. OSTETR. GINECOLOG. SANT'ANNA";"CIRCOSCRIZIONE 10";"OSP.OSTETR.GINECOLOG.SANT'ANNA";"CORSO SPEZIA 60";"TORINO";"201";"01/10/1938";"30/06/2012";"AZIENDA OSPEDALIERA";"Nessuna attività specifica";"Pubblico";"N";""
"1637";"213";"010178-00";"OSPEDALE CIVILE";"OVADA";"OSPEDALE CIVILE OVADA";"VIA RUFFINI BERNARDO 22";"OVADA";"213";"01/07/1990";"01/12/1996";"OSPEDALE GESTIONE DIRETTA PRESIDIO DI ASL";"Nessuna attività specifica";"Pubblico";"N";""
"6142";"909";"010909-01";"OSPEDALE SAN GIOVANNI BATTISTA MOLINETTE";"CIRCOSCRIZIONE 8";"MOLINETTE";"CORSO LAZZARI FRANCESCO DETTO IL BRAMANTE 88";"TORINO";"201";"01/07/2012";"";"AZIENDA OSPEDALIERO-UNIVERSITARIA E POLICLINICO";"Nessuna attività specifica";"Pubblico";"N";""
"6143";"909";"010909-02";"OSPEDALE DERMATOLOGICO SAN LAZZARO";"CIRCOSCRIZIONE 8";"S. LAZZARO DERMATOLOGICO";"VIA CHERASCO 23";"TORINO";"201";"01/07/2012";"";"AZIENDA OSPEDALIERO-UNIVERSITARIA E POLICLINICO";"Nessuna attività specifica";"Pubblico";"N";""
"1631";"213";"010166-00";"OSPEDALE SS ANTONIO E MARGHERITA";"TORTONA";"OSPEDALE SS ANTONIO E MARGHERITA";"PIAZZA CAVALLOTTI FELICE 7";"TORTONA";"213";"01/01/1988";"31/12/2008";"OSPEDALE GESTIONE DIRETTA PRESIDIO DI ASL";"Nessuna attività specifica";"Pubblico";"N";""
"1638";"901";"010901-00";"AZIENDA OSPED.S.GIOVANNI BATTISTA DI TOR";"CIRCOSCRIZIONE 8";"MOLINETTE";"CORSO LAZZARI FRANCESCO DETTO IL BRAMANTE 88";"TORINO";"201";"01/01/1988";"30/06/2012";"AZIENDA OSPEDALIERO-UNIVERSITARIA E POLICLINICO";"Nessuna attività specifica";"Pubblico";"S";""
"4968";"905";"010905-02";"OSPEDALE SAN ROCCO GALLIATE";"GALLIATE-TRECATE";"OSPEDALE SAN ROCCO";"VIA COTTOLENGO 2";"GALLIATE";"208";"01/01/2007";"";"AZIENDA OSPEDALIERO-UNIVERSITARIA E POLICLINICO";"Nessuna attività specifica";"Pubblico";"N";""
"1644";"907";"010907-00";"AZ. SS.ANTONIO E BIAGIO E C.ARRIGO";"ALESSANDRIA";"OSP.CIVILE S.S. ANTONIO E BIAGIO";"VIA VENEZIA 16";"ALESSANDRIA";"213";"01/01/1984";"";"AZIENDA OSPEDALIERA";"Nessuna attività specifica";"Pubblico";"S";""
"1674";"907";"010907-01";"OSP.CIVILE SS.ANTONIO E BIAGIO";"ALESSANDRIA";"OSP.CIVILE S.S. ANTONIO E BIAGIO";"VIA VENEZIA 16";"ALESSANDRIA";"213";"01/01/1984";"";"AZIENDA OSPEDALIERA";"Nessuna attività specifica";"Pubblico";"N";""
"4664";"908";"010908-00";"OSPEDALE MAURIZIANO UMBERTO I - TORINO";"CIRCOSCRIZIONE 8";"AZIENDA OSP. ORDINE MAURIZIANO DI TORINO";"LARGO TURATI FILIPPO 62";"TORINO";"201";"01/02/2005";"";"AZIENDA OSPEDALIERA";"Nessuna attività specifica";"Pubblico";"N";""
"1642";"905";"010905-01";"OSP. MAGGIORE DELLA CARITA'";"NOVARA";"SEDE LEGALE AZIENDA ASO 905";"CORSO MAZZINI GIUSEPPE 18";"NOVARA";"208";"01/01/1988";"";"AZIENDA OSPEDALIERO-UNIVERSITARIA E POLICLINICO";"Nessuna attività specifica";"Pubblico";"N";""
"3419";"901";"010901-04";"OSPEDALE SAN GIOVANNI ANTICA SEDE";"CIRCOSCRIZIONE 1";"OSPEDALE SAN GIOVANNI ANTICA SEDE";"VIA CAVOUR CAMILLO BENSO 31";"TORINO";"201";"01/01/2002";"30/06/2012";"AZIENDA OSPEDALIERO-UNIVERSITARIA E POLICLINICO";"Nessuna attività specifica";"Pubblico";"N";""
"1675";"907";"010907-02";"OSP. INFANTILE C.ARRIGO";"ALESSANDRIA";"OSP.INFANTILE CESARE ARRIGO";"SPALTO MARENGO 46";"ALESSANDRIA";"213";"01/01/1984";"";"AZIENDA OSPEDALIERA";"Nessuna attività specifica";"Pubblico";"N";""
"4918";"907";"010907-03";"CENTRO RIABILITATIVO POLIFUNZIONALE T.BORSALINO";"ALESSANDRIA";"CENTRO RIABILITATIVO POLIFUNZIONALE T. BORSALINO";"STRADA FORLANINI CARLO 40";"ALESSANDRIA";"213";"15/12/2006";"";"AZIENDA OSPEDALIERA";"Esclusiva attività di RRF";"Pubblico";"N";""
"6147";"909";"010909-07";"OSPEDALE INFANTANTILE REGINA MARGHERITA";"CIRCOSCRIZIONE 10";"OSP. INFANT. REGINA MARGHERITA";"PIAZZA POLONIA 94";"TORINO";"201";"01/07/2012";"";"AZIENDA OSPEDALIERA";"Nessuna attività specifica";"Pubblico";"N";""
"1671";"902";"010902-03";"IST. CHIR. ORTOP. REGINA MARIA ADELAIDE";"CIRCOSCRIZIONE 7";"PRES. OSP. IS. CHIR. ORT. R. MARIA ADELAIDE ICORMA";"LUNGO DORA FIRENZE 87";"TORINO";"202";"01/01/1984";"30/06/2012";"AZIENDA OSPEDALIERA";"Nessuna attività specifica";"Pubblico";"N";""
"6148";"909";"010909-00";"AOU CITTA' DELLA SALUTE E DELLA SCIENZA DI TORINO";"CIRCOSCRIZIONE 8";"MOLINETTE";"CORSO LAZZARI FRANCESCO DETTO IL BRAMANTE 88";"TORINO";"201";"01/07/2012";"";"AZIENDA OSPEDALIERO-UNIVERSITARIA E POLICLINICO";"Nessuna attività specifica";"Pubblico";"S";""
"1666";"901";"010901-01";"OSP.S. GIOV.BATTISTA MOLINETTE";"CIRCOSCRIZIONE 8";"MOLINETTE";"CORSO LAZZARI FRANCESCO DETTO IL BRAMANTE 88";"TORINO";"201";"01/01/1988";"30/06/2012";"AZIENDA OSPEDALIERO-UNIVERSITARIA E POLICLINICO";"Nessuna attività specifica";"Pubblico";"N";""
"1668";"901";"010901-03";"OSPEDALE SAN VITO";"CIRCOSCRIZIONE 8";"OSPEDALE SAN VITO";"STRADA ANTICA DI SAN VITO 34";"TORINO";"201";"01/01/1988";"31/12/2007";"AZIENDA OSPEDALIERO-UNIVERSITARIA E POLICLINICO";"Nessuna attività specifica";"Pubblico";"N";""
