Anno;Cod_asr;Denom_asr;Cod_strutturabis;Denom_struttura;Tipo;Descr_tipo_str;Cod_discipl;Descr_discipl
2014;201;TO 1;1000700;OSPEDALE MARTINI;1;PUBBLICO;36;ORTOPEDIA E TRAUMATOLOGIA
2014;201;TO 1;1000700;OSPEDALE MARTINI;1;PUBBLICO;9;CHIRURGIA GENERALE
2014;201;TO 1;1000700;OSPEDALE MARTINI;1;PUBBLICO;21;GERIATRIA
2014;201;TO 1;1000700;OSPEDALE MARTINI;1;PUBBLICO;8;CARDIOLOGIA
2014;201;TO 1;1000700;OSPEDALE MARTINI;1;PUBBLICO;2;DAY HOSPITAL (MULTISPECIALISTICO)
2014;201;TO 1;1000700;OSPEDALE MARTINI;1;PUBBLICO;26;MEDICINA GENERALE
2014;201;TO 1;1000700;OSPEDALE MARTINI;1;PUBBLICO;32;NEUROLOGIA
2014;201;TO 1;1000700;OSPEDALE MARTINI;1;PUBBLICO;29;NEFROLOGIA
2014;201;TO 1;1000700;OSPEDALE MARTINI;1;PUBBLICO;31;NIDO
2014;201;TO 1;1001200;OSPEDALE EVANGELICO VALDESE;1;PUBBLICO;49;TERAPIA INTENSIVA
2014;201;TO 1;1000700;OSPEDALE MARTINI;1;PUBBLICO;64;ONCOLOGIA
2014;201;TO 1;1000700;OSPEDALE MARTINI;1;PUBBLICO;49;TERAPIA INTENSIVA
2014;201;TO 1;1001200;OSPEDALE EVANGELICO VALDESE;1;PUBBLICO;67;PENSIONANTI
2014;201;TO 1;1000700;OSPEDALE MARTINI;1;PUBBLICO;67;PENSIONANTI
2014;201;TO 1;1000700;OSPEDALE MARTINI;1;PUBBLICO;39;PEDIATRIA
2014;201;TO 1;1000700;OSPEDALE MARTINI;1;PUBBLICO;50;UNITA' CORONARICA
2014;201;TO 1;1001200;OSPEDALE EVANGELICO VALDESE;1;PUBBLICO;56;RECUPERO E RIABILITAZIONE FUNZIONALE
2014;202;TO 2;1000300;OSPEDALE MARIA VITTORIA;1;PUBBLICO;8;CARDIOLOGIA
2014;201;TO 1;1001000;OSPEDALE OFTALMICO;1;PUBBLICO;2;DAY HOSPITAL (MULTISPECIALISTICO)
2014;201;TO 1;1001000;OSPEDALE OFTALMICO;1;PUBBLICO;67;PENSIONANTI
2014;201;TO 1;1000700;OSPEDALE MARTINI;1;PUBBLICO;62;NEONATOLOGIA
2014;201;TO 1;1089300;PRESIDIO SANITARIO SAN CAMILLO;1;PUBBLICO;56;RECUPERO E RIABILITAZIONE FUNZIONALE
2014;202;TO 2;1000300;OSPEDALE MARIA VITTORIA;1;PUBBLICO;9;CHIRURGIA GENERALE
2014;201;TO 1;1000700;OSPEDALE MARTINI;1;PUBBLICO;38;OTORINOLARINGOIATRIA
2014;201;TO 1;1000700;OSPEDALE MARTINI;1;PUBBLICO;43;UROLOGIA
2014;201;TO 1;1001200;OSPEDALE EVANGELICO VALDESE;1;PUBBLICO;9;CHIRURGIA GENERALE
2014;201;TO 1;1000700;OSPEDALE MARTINI;1;PUBBLICO;40;PSICHIATRIA
2014;201;TO 1;1000700;OSPEDALE MARTINI;1;PUBBLICO;37;OSTETRICIA E GINECOLOGIA
2014;201;TO 1;1001200;OSPEDALE EVANGELICO VALDESE;1;PUBBLICO;26;MEDICINA GENERALE
2014;201;TO 1;1001000;OSPEDALE OFTALMICO;1;PUBBLICO;34;OCULISTICA
2014;201;TO 1;1001200;OSPEDALE EVANGELICO VALDESE;1;PUBBLICO;19;MALATTIE ENDOCRINE, DEL RICAMBIO E DELLA NUTRIZIONE
2014;202;TO 2;1000300;OSPEDALE MARIA VITTORIA;1;PUBBLICO;2;DAY HOSPITAL (MULTISPECIALISTICO)
2014;202;TO 2;1000300;OSPEDALE MARIA VITTORIA;1;PUBBLICO;21;GERIATRIA
2014;202;TO 2;1001100;TORINO NORD EMERGENZA SAN GIOVANNI BOSCO;1;PUBBLICO;8;CARDIOLOGIA
2014;202;TO 2;1000300;OSPEDALE MARIA VITTORIA;1;PUBBLICO;12;CHIRURGIA PLASTICA
2014;202;TO 2;1000300;OSPEDALE MARIA VITTORIA;1;PUBBLICO;35;ODONTOIATRIA E STOMATOLOGIA
2014;202;TO 2;1000300;OSPEDALE MARIA VITTORIA;1;PUBBLICO;43;UROLOGIA
2014;202;TO 2;1000300;OSPEDALE MARIA VITTORIA;1;PUBBLICO;49;TERAPIA INTENSIVA
2014;202;TO 2;1000300;OSPEDALE MARIA VITTORIA;1;PUBBLICO;39;PEDIATRIA
2014;202;TO 2;1000300;OSPEDALE MARIA VITTORIA;1;PUBBLICO;73;TERAPIA INTENSIVA NEONATALE
2014;202;TO 2;1000300;OSPEDALE MARIA VITTORIA;1;PUBBLICO;34;OCULISTICA
2014;202;TO 2;1000300;OSPEDALE MARIA VITTORIA;1;PUBBLICO;56;RECUPERO E RIABILITAZIONE FUNZIONALE
2014;202;TO 2;1000300;OSPEDALE MARIA VITTORIA;1;PUBBLICO;40;PSICHIATRIA
2014;202;TO 2;1000300;OSPEDALE MARIA VITTORIA;1;PUBBLICO;37;OSTETRICIA E GINECOLOGIA
2014;202;TO 2;1001100;TORINO NORD EMERGENZA SAN GIOVANNI BOSCO;1;PUBBLICO;20;IMMUNOLOGIA
2014;202;TO 2;1001100;TORINO NORD EMERGENZA SAN GIOVANNI BOSCO;1;PUBBLICO;26;MEDICINA GENERALE
2014;202;TO 2;1001100;TORINO NORD EMERGENZA SAN GIOVANNI BOSCO;1;PUBBLICO;2;DAY HOSPITAL (MULTISPECIALISTICO)
2014;202;TO 2;1000300;OSPEDALE MARIA VITTORIA;1;PUBBLICO;31;NIDO
2014;202;TO 2;1001100;TORINO NORD EMERGENZA SAN GIOVANNI BOSCO;1;PUBBLICO;29;NEFROLOGIA
2014;202;TO 2;1000300;OSPEDALE MARIA VITTORIA;1;PUBBLICO;36;ORTOPEDIA E TRAUMATOLOGIA
2014;202;TO 2;1000300;OSPEDALE MARIA VITTORIA;1;PUBBLICO;18;EMATOLOGIA
2014;202;TO 2;1000300;OSPEDALE MARIA VITTORIA;1;PUBBLICO;26;MEDICINA GENERALE
2014;202;TO 2;1000300;OSPEDALE MARIA VITTORIA;1;PUBBLICO;67;PENSIONANTI
2014;202;TO 2;1000300;OSPEDALE MARIA VITTORIA;1;PUBBLICO;64;ONCOLOGIA
2014;202;TO 2;1000300;OSPEDALE MARIA VITTORIA;1;PUBBLICO;32;NEUROLOGIA
2014;202;TO 2;1001100;TORINO NORD EMERGENZA SAN GIOVANNI BOSCO;1;PUBBLICO;9;CHIRURGIA GENERALE
2014;202;TO 2;1001100;TORINO NORD EMERGENZA SAN GIOVANNI BOSCO;1;PUBBLICO;21;GERIATRIA
2014;202;TO 2;1000300;OSPEDALE MARIA VITTORIA;1;PUBBLICO;38;OTORINOLARINGOIATRIA
2014;202;TO 2;1000300;OSPEDALE MARIA VITTORIA;1;PUBBLICO;50;UNITA' CORONARICA
2014;202;TO 2;1000300;OSPEDALE MARIA VITTORIA;1;PUBBLICO;58;GASTROENTEROLOGIA
2014;202;TO 2;1000300;OSPEDALE MARIA VITTORIA;1;PUBBLICO;62;NEONATOLOGIA
2014;202;TO 2;1001100;TORINO NORD EMERGENZA SAN GIOVANNI BOSCO;1;PUBBLICO;14;CHIRURGIA VASCOLARE
2014;202;TO 2;1089700;PRESIDIO SANITARIO OSPEDALE COTTOLENGO;1;PUBBLICO;43;UROLOGIA
2014;202;TO 2;1001100;TORINO NORD EMERGENZA SAN GIOVANNI BOSCO;1;PUBBLICO;50;UNITA' CORONARICA
2014;202;TO 2;1089200;PRESIDIO SANITARIO GRADENIGO;1;PUBBLICO;36;ORTOPEDIA E TRAUMATOLOGIA
2014;202;TO 2;1001100;TORINO NORD EMERGENZA SAN GIOVANNI BOSCO;1;PUBBLICO;32;NEUROLOGIA
2014;202;TO 2;1001100;TORINO NORD EMERGENZA SAN GIOVANNI BOSCO;1;PUBBLICO;49;TERAPIA INTENSIVA
2014;202;TO 2;1001100;TORINO NORD EMERGENZA SAN GIOVANNI BOSCO;1;PUBBLICO;36;ORTOPEDIA E TRAUMATOLOGIA
2014;202;TO 2;1089000;PRESIDIO SANITARIO AUSILIATRICE - FONDAZIONE DON GNOCCHI - ONLUS;1;PUBBLICO;75;NEURORIABILITAZIONE
2014;202;TO 2;1001100;TORINO NORD EMERGENZA SAN GIOVANNI BOSCO;1;PUBBLICO;30;NEUROCHIRURGIA
2014;202;TO 2;1089200;PRESIDIO SANITARIO GRADENIGO;1;PUBBLICO;64;ONCOLOGIA
2014;202;TO 2;1001100;TORINO NORD EMERGENZA SAN GIOVANNI BOSCO;1;PUBBLICO;67;PENSIONANTI
2014;202;TO 2;1001300;OSPEDALE AMEDEO DI SAVOIA;1;PUBBLICO;24;MALATTIE INFETTIVE E TROPICALI
2014;203;TO 3;1003001;"OSPEDALE CIVILE ""E.AGNELLI""";1;PUBBLICO;36;ORTOPEDIA E TRAUMATOLOGIA
2014;202;TO 2;1001100;TORINO NORD EMERGENZA SAN GIOVANNI BOSCO;1;PUBBLICO;43;UROLOGIA
2014;202;TO 2;1089700;PRESIDIO SANITARIO OSPEDALE COTTOLENGO;1;PUBBLICO;36;ORTOPEDIA E TRAUMATOLOGIA
2014;202;TO 2;1089200;PRESIDIO SANITARIO GRADENIGO;1;PUBBLICO;9;CHIRURGIA GENERALE
2014;202;TO 2;1001300;OSPEDALE AMEDEO DI SAVOIA;1;PUBBLICO;97;DETENUTI
2014;202;TO 2;1001100;TORINO NORD EMERGENZA SAN GIOVANNI BOSCO;1;PUBBLICO;98;DAY SURGERY(MULTISPECIALISTICO)
2014;202;TO 2;1001100;TORINO NORD EMERGENZA SAN GIOVANNI BOSCO;1;PUBBLICO;40;PSICHIATRIA
2014;202;TO 2;1089700;PRESIDIO SANITARIO OSPEDALE COTTOLENGO;1;PUBBLICO;37;OSTETRICIA E GINECOLOGIA
2014;202;TO 2;1089200;PRESIDIO SANITARIO GRADENIGO;1;PUBBLICO;34;OCULISTICA
2014;202;TO 2;1089200;PRESIDIO SANITARIO GRADENIGO;1;PUBBLICO;26;MEDICINA GENERALE
2014;203;TO 3;1003001;"OSPEDALE CIVILE ""E.AGNELLI""";1;PUBBLICO;31;NIDO
2014;203;TO 3;1003001;"OSPEDALE CIVILE ""E.AGNELLI""";1;PUBBLICO;26;MEDICINA GENERALE
2014;202;TO 2;1089000;PRESIDIO SANITARIO AUSILIATRICE - FONDAZIONE DON GNOCCHI - ONLUS;1;PUBBLICO;56;RECUPERO E RIABILITAZIONE FUNZIONALE
2014;202;TO 2;1089200;PRESIDIO SANITARIO GRADENIGO;1;PUBBLICO;43;UROLOGIA
2014;202;TO 2;1089700;PRESIDIO SANITARIO OSPEDALE COTTOLENGO;1;PUBBLICO;56;RECUPERO E RIABILITAZIONE FUNZIONALE
2014;202;TO 2;1089200;PRESIDIO SANITARIO GRADENIGO;1;PUBBLICO;98;DAY SURGERY(MULTISPECIALISTICO)
2014;202;TO 2;1089700;PRESIDIO SANITARIO OSPEDALE COTTOLENGO;1;PUBBLICO;38;OTORINOLARINGOIATRIA
2014;202;TO 2;1089200;PRESIDIO SANITARIO GRADENIGO;1;PUBBLICO;38;OTORINOLARINGOIATRIA
2014;202;TO 2;1001100;TORINO NORD EMERGENZA SAN GIOVANNI BOSCO;1;PUBBLICO;68;PNEUMOLOGIA
2014;202;TO 2;1089700;PRESIDIO SANITARIO OSPEDALE COTTOLENGO;1;PUBBLICO;60;LUNGODEGENTI
2014;202;TO 2;1089700;PRESIDIO SANITARIO OSPEDALE COTTOLENGO;1;PUBBLICO;34;OCULISTICA
2014;203;TO 3;1003001;"OSPEDALE CIVILE ""E.AGNELLI""";1;PUBBLICO;34;OCULISTICA
2014;203;TO 3;1003001;"OSPEDALE CIVILE ""E.AGNELLI""";1;PUBBLICO;50;UNITA' CORONARICA
2014;202;TO 2;1001100;TORINO NORD EMERGENZA SAN GIOVANNI BOSCO;1;PUBBLICO;64;ONCOLOGIA
2014;203;TO 3;1003001;"OSPEDALE CIVILE ""E.AGNELLI""";1;PUBBLICO;29;NEFROLOGIA
2014;202;TO 2;1089200;PRESIDIO SANITARIO GRADENIGO;1;PUBBLICO;58;GASTROENTEROLOGIA
2014;203;TO 3;1003001;"OSPEDALE CIVILE ""E.AGNELLI""";1;PUBBLICO;8;CARDIOLOGIA
2014;202;TO 2;1089200;PRESIDIO SANITARIO GRADENIGO;1;PUBBLICO;56;RECUPERO E RIABILITAZIONE FUNZIONALE
2014;202;TO 2;1089700;PRESIDIO SANITARIO OSPEDALE COTTOLENGO;1;PUBBLICO;64;ONCOLOGIA
2014;203;TO 3;1003001;"OSPEDALE CIVILE ""E.AGNELLI""";1;PUBBLICO;39;PEDIATRIA
2014;202;TO 2;1089700;PRESIDIO SANITARIO OSPEDALE COTTOLENGO;1;PUBBLICO;2;DAY HOSPITAL (MULTISPECIALISTICO)
2014;203;TO 3;1003001;"OSPEDALE CIVILE ""E.AGNELLI""";1;PUBBLICO;32;NEUROLOGIA
2014;203;TO 3;1003001;"OSPEDALE CIVILE ""E.AGNELLI""";1;PUBBLICO;38;OTORINOLARINGOIATRIA
2014;203;TO 3;1003001;"OSPEDALE CIVILE ""E.AGNELLI""";1;PUBBLICO;37;OSTETRICIA E GINECOLOGIA
2014;202;TO 2;1089700;PRESIDIO SANITARIO OSPEDALE COTTOLENGO;1;PUBBLICO;26;MEDICINA GENERALE
2014;202;TO 2;1089200;PRESIDIO SANITARIO GRADENIGO;1;PUBBLICO;67;PENSIONANTI
2014;203;TO 3;1003001;"OSPEDALE CIVILE ""E.AGNELLI""";1;PUBBLICO;40;PSICHIATRIA
2014;203;TO 3;1003001;"OSPEDALE CIVILE ""E.AGNELLI""";1;PUBBLICO;49;TERAPIA INTENSIVA
2014;203;TO 3;1003001;"OSPEDALE CIVILE ""E.AGNELLI""";1;PUBBLICO;9;CHIRURGIA GENERALE
2014;202;TO 2;1089700;PRESIDIO SANITARIO OSPEDALE COTTOLENGO;1;PUBBLICO;9;CHIRURGIA GENERALE
2014;203;TO 3;1003001;"OSPEDALE CIVILE ""E.AGNELLI""";1;PUBBLICO;43;UROLOGIA
2014;202;TO 2;1001100;TORINO NORD EMERGENZA SAN GIOVANNI BOSCO;1;PUBBLICO;38;OTORINOLARINGOIATRIA
2014;202;TO 2;1089800;PRESIDIO MAJOR;1;PUBBLICO;56;RECUPERO E RIABILITAZIONE FUNZIONALE
2014;203;TO 3;1003003;OSPEDALE DI POMARETTO;1;PUBBLICO;2;DAY HOSPITAL (MULTISPECIALISTICO)
2014;203;TO 3;1007901;OSPEDALE DEGLI INFERMI;1;PUBBLICO;40;PSICHIATRIA
2014;203;TO 3;1003001;"OSPEDALE CIVILE ""E.AGNELLI""";1;PUBBLICO;98;DAY SURGERY(MULTISPECIALISTICO)
2014;203;TO 3;1007904;OSPEDALE CIVILE DI SUSA;1;PUBBLICO;9;CHIRURGIA GENERALE
2014;203;TO 3;1007901;OSPEDALE DEGLI INFERMI;1;PUBBLICO;49;TERAPIA INTENSIVA
2014;203;TO 3;1003002;OSPEDALE DI TORRE PELLICE;1;PUBBLICO;2;DAY HOSPITAL (MULTISPECIALISTICO)
2014;203;TO 3;1007901;OSPEDALE DEGLI INFERMI;1;PUBBLICO;8;CARDIOLOGIA
2014;203;TO 3;1007901;OSPEDALE DEGLI INFERMI;1;PUBBLICO;37;OSTETRICIA E GINECOLOGIA
2014;203;TO 3;1007901;OSPEDALE DEGLI INFERMI;1;PUBBLICO;43;UROLOGIA
2014;204;TO 4;1001700;OSPEDALE CIVICO CHIVASSO;1;PUBBLICO;9;CHIRURGIA GENERALE
2014;203;TO 3;1007901;OSPEDALE DEGLI INFERMI;1;PUBBLICO;9;CHIRURGIA GENERALE
2014;204;TO 4;1001700;OSPEDALE CIVICO CHIVASSO;1;PUBBLICO;36;ORTOPEDIA E TRAUMATOLOGIA
2014;203;TO 3;1007905;OSPEDALE DI VENARIA;1;PUBBLICO;60;LUNGODEGENTI
2014;203;TO 3;1003003;OSPEDALE DI POMARETTO;1;PUBBLICO;64;ONCOLOGIA
2014;203;TO 3;1003002;OSPEDALE DI TORRE PELLICE;1;PUBBLICO;60;LUNGODEGENTI
2014;203;TO 3;1007901;OSPEDALE DEGLI INFERMI;1;PUBBLICO;50;UNITA' CORONARICA
2014;204;TO 4;1001700;OSPEDALE CIVICO CHIVASSO;1;PUBBLICO;32;NEUROLOGIA
2014;203;TO 3;1007904;OSPEDALE CIVILE DI SUSA;1;PUBBLICO;26;MEDICINA GENERALE
2014;203;TO 3;1007901;OSPEDALE DEGLI INFERMI;1;PUBBLICO;98;DAY SURGERY(MULTISPECIALISTICO)
2014;203;TO 3;1007905;OSPEDALE DI VENARIA;1;PUBBLICO;2;DAY HOSPITAL (MULTISPECIALISTICO)
2014;204;TO 4;1001700;OSPEDALE CIVICO CHIVASSO;1;PUBBLICO;37;OSTETRICIA E GINECOLOGIA
2014;203;TO 3;1007904;OSPEDALE CIVILE DI SUSA;1;PUBBLICO;36;ORTOPEDIA E TRAUMATOLOGIA
2014;203;TO 3;1003001;"OSPEDALE CIVILE ""E.AGNELLI""";1;PUBBLICO;67;PENSIONANTI
2014;203;TO 3;1007901;OSPEDALE DEGLI INFERMI;1;PUBBLICO;62;NEONATOLOGIA
2014;204;TO 4;1001700;OSPEDALE CIVICO CHIVASSO;1;PUBBLICO;29;NEFROLOGIA
2014;203;TO 3;1007905;OSPEDALE DI VENARIA;1;PUBBLICO;26;MEDICINA GENERALE
2014;204;TO 4;1001700;OSPEDALE CIVICO CHIVASSO;1;PUBBLICO;8;CARDIOLOGIA
2014;203;TO 3;1007901;OSPEDALE DEGLI INFERMI;1;PUBBLICO;2;DAY HOSPITAL (MULTISPECIALISTICO)
2014;203;TO 3;1003001;"OSPEDALE CIVILE ""E.AGNELLI""";1;PUBBLICO;62;NEONATOLOGIA
2014;203;TO 3;1003001;"OSPEDALE CIVILE ""E.AGNELLI""";1;PUBBLICO;64;ONCOLOGIA
2014;203;TO 3;1007904;OSPEDALE CIVILE DI SUSA;1;PUBBLICO;37;OSTETRICIA E GINECOLOGIA
2014;204;TO 4;1001700;OSPEDALE CIVICO CHIVASSO;1;PUBBLICO;39;PEDIATRIA
2014;203;TO 3;1007901;OSPEDALE DEGLI INFERMI;1;PUBBLICO;38;OTORINOLARINGOIATRIA
2014;203;TO 3;1007906;UNITA' AUTONOMA DI DAY SURGERY DI AVIGLIANA;1;PUBBLICO;98;DAY SURGERY(MULTISPECIALISTICO)
2014;204;TO 4;1001700;OSPEDALE CIVICO CHIVASSO;1;PUBBLICO;26;MEDICINA GENERALE
2014;203;TO 3;1007901;OSPEDALE DEGLI INFERMI;1;PUBBLICO;39;PEDIATRIA
2014;203;TO 3;1003003;OSPEDALE DI POMARETTO;1;PUBBLICO;60;LUNGODEGENTI
2014;204;TO 4;1001700;OSPEDALE CIVICO CHIVASSO;1;PUBBLICO;31;NIDO
2014;203;TO 3;1007901;OSPEDALE DEGLI INFERMI;1;PUBBLICO;32;NEUROLOGIA
2014;204;TO 4;1001700;OSPEDALE CIVICO CHIVASSO;1;PUBBLICO;38;OTORINOLARINGOIATRIA
2014;203;TO 3;1003002;OSPEDALE DI TORRE PELLICE;1;PUBBLICO;56;RECUPERO E RIABILITAZIONE FUNZIONALE
2014;203;TO 3;1007904;OSPEDALE CIVILE DI SUSA;1;PUBBLICO;31;NIDO
2014;203;TO 3;1003003;OSPEDALE DI POMARETTO;1;PUBBLICO;56;RECUPERO E RIABILITAZIONE FUNZIONALE
2014;204;TO 4;1001700;OSPEDALE CIVICO CHIVASSO;1;PUBBLICO;2;DAY HOSPITAL (MULTISPECIALISTICO)
2014;203;TO 3;1007901;OSPEDALE DEGLI INFERMI;1;PUBBLICO;26;MEDICINA GENERALE
2014;203;TO 3;1007901;OSPEDALE DEGLI INFERMI;1;PUBBLICO;31;NIDO
2014;203;TO 3;1007901;OSPEDALE DEGLI INFERMI;1;PUBBLICO;36;ORTOPEDIA E TRAUMATOLOGIA
2014;204;TO 4;1001700;OSPEDALE CIVICO CHIVASSO;1;PUBBLICO;50;UNITA' CORONARICA
2014;204;TO 4;1001901;PRESIDIO OSPED. RIUNITO SEDE DI CIRIE';1;PUBBLICO;98;DAY SURGERY(MULTISPECIALISTICO)
2014;204;TO 4;1001901;PRESIDIO OSPED. RIUNITO SEDE DI CIRIE';1;PUBBLICO;38;OTORINOLARINGOIATRIA
2014;204;TO 4;1001901;PRESIDIO OSPED. RIUNITO SEDE DI CIRIE';1;PUBBLICO;43;UROLOGIA
2014;204;TO 4;1002301;OSPEDALE CIVILE DI IVREA;1;PUBBLICO;8;CARDIOLOGIA
2014;204;TO 4;1001901;PRESIDIO OSPED. RIUNITO SEDE DI CIRIE';1;PUBBLICO;31;NIDO
2014;204;TO 4;1001903;PRESIDIO OSPED. RIUNITO SEDE DI LANZO;1;PUBBLICO;98;DAY SURGERY(MULTISPECIALISTICO)
2014;204;TO 4;1001903;PRESIDIO OSPED. RIUNITO SEDE DI LANZO;1;PUBBLICO;2;DAY HOSPITAL (MULTISPECIALISTICO)
2014;204;TO 4;1001901;PRESIDIO OSPED. RIUNITO SEDE DI CIRIE';1;PUBBLICO;29;NEFROLOGIA
2014;204;TO 4;1001700;OSPEDALE CIVICO CHIVASSO;1;PUBBLICO;64;ONCOLOGIA
2014;204;TO 4;1001901;PRESIDIO OSPED. RIUNITO SEDE DI CIRIE';1;PUBBLICO;26;MEDICINA GENERALE
2014;204;TO 4;1001901;PRESIDIO OSPED. RIUNITO SEDE DI CIRIE';1;PUBBLICO;49;TERAPIA INTENSIVA
2014;204;TO 4;1001901;PRESIDIO OSPED. RIUNITO SEDE DI CIRIE';1;PUBBLICO;37;OSTETRICIA E GINECOLOGIA
2014;204;TO 4;1001901;PRESIDIO OSPED. RIUNITO SEDE DI CIRIE';1;PUBBLICO;2;DAY HOSPITAL (MULTISPECIALISTICO)
2014;204;TO 4;1002301;OSPEDALE CIVILE DI IVREA;1;PUBBLICO;40;PSICHIATRIA
2014;204;TO 4;1001700;OSPEDALE CIVICO CHIVASSO;1;PUBBLICO;43;UROLOGIA
2014;204;TO 4;1001901;PRESIDIO OSPED. RIUNITO SEDE DI CIRIE';1;PUBBLICO;8;CARDIOLOGIA
2014;204;TO 4;1001901;PRESIDIO OSPED. RIUNITO SEDE DI CIRIE';1;PUBBLICO;39;PEDIATRIA
2014;204;TO 4;1002301;OSPEDALE CIVILE DI IVREA;1;PUBBLICO;39;PEDIATRIA
2014;204;TO 4;1002302;OSPEDALE CIVILE DI CUORGNE';1;PUBBLICO;36;ORTOPEDIA E TRAUMATOLOGIA
2014;204;TO 4;1002301;OSPEDALE CIVILE DI IVREA;1;PUBBLICO;31;NIDO
2014;204;TO 4;1001901;PRESIDIO OSPED. RIUNITO SEDE DI CIRIE';1;PUBBLICO;62;NEONATOLOGIA
2014;204;TO 4;1002301;OSPEDALE CIVILE DI IVREA;1;PUBBLICO;26;MEDICINA GENERALE
2014;204;TO 4;1001901;PRESIDIO OSPED. RIUNITO SEDE DI CIRIE';1;PUBBLICO;50;UNITA' CORONARICA
2014;204;TO 4;1002301;OSPEDALE CIVILE DI IVREA;1;PUBBLICO;62;NEONATOLOGIA
2014;204;TO 4;1001901;PRESIDIO OSPED. RIUNITO SEDE DI CIRIE';1;PUBBLICO;9;CHIRURGIA GENERALE
2014;204;TO 4;1001901;PRESIDIO OSPED. RIUNITO SEDE DI CIRIE';1;PUBBLICO;67;PENSIONANTI
2014;204;TO 4;1001901;PRESIDIO OSPED. RIUNITO SEDE DI CIRIE';1;PUBBLICO;40;PSICHIATRIA
2014;204;TO 4;1002301;OSPEDALE CIVILE DI IVREA;1;PUBBLICO;33;NEUROPSICHIATRIA INFANTILE
2014;204;TO 4;1002302;OSPEDALE CIVILE DI CUORGNE';1;PUBBLICO;98;DAY SURGERY(MULTISPECIALISTICO)
2014;204;TO 4;1002301;OSPEDALE CIVILE DI IVREA;1;PUBBLICO;19;MALATTIE ENDOCRINE, DEL RICAMBIO E DELLA NUTRIZIONE
2014;204;TO 4;1002301;OSPEDALE CIVILE DI IVREA;1;PUBBLICO;50;UNITA' CORONARICA
2014;204;TO 4;1002301;OSPEDALE CIVILE DI IVREA;1;PUBBLICO;9;CHIRURGIA GENERALE
2014;204;TO 4;1002301;OSPEDALE CIVILE DI IVREA;1;PUBBLICO;36;ORTOPEDIA E TRAUMATOLOGIA
2014;204;TO 4;1001901;PRESIDIO OSPED. RIUNITO SEDE DI CIRIE';1;PUBBLICO;36;ORTOPEDIA E TRAUMATOLOGIA
2014;204;TO 4;1002301;OSPEDALE CIVILE DI IVREA;1;PUBBLICO;29;NEFROLOGIA
2014;204;TO 4;1089100;BEATA VERGINE CONSOLATA;1;PUBBLICO;60;LUNGODEGENTI
2014;204;TO 4;1002302;OSPEDALE CIVILE DI CUORGNE';1;PUBBLICO;56;RECUPERO E RIABILITAZIONE FUNZIONALE
2014;204;TO 4;1002301;OSPEDALE CIVILE DI IVREA;1;PUBBLICO;32;NEUROLOGIA
2014;204;TO 4;1002301;OSPEDALE CIVILE DI IVREA;1;PUBBLICO;67;PENSIONANTI
2014;205;TO 5;1000401;OSPEDALE MAGGIORE;1;PUBBLICO;36;ORTOPEDIA E TRAUMATOLOGIA
2014;204;TO 4;1002301;OSPEDALE CIVILE DI IVREA;1;PUBBLICO;34;OCULISTICA
2014;205;TO 5;1000401;OSPEDALE MAGGIORE;1;PUBBLICO;49;TERAPIA INTENSIVA
2014;204;TO 4;1002301;OSPEDALE CIVILE DI IVREA;1;PUBBLICO;64;ONCOLOGIA
2014;204;TO 4;1001700;OSPEDALE CIVICO CHIVASSO;1;PUBBLICO;40;PSICHIATRIA
2014;205;TO 5;1000401;OSPEDALE MAGGIORE;1;PUBBLICO;26;MEDICINA GENERALE
2014;204;TO 4;1001903;PRESIDIO OSPED. RIUNITO SEDE DI LANZO;1;PUBBLICO;26;MEDICINA GENERALE
2014;204;TO 4;1002302;OSPEDALE CIVILE DI CUORGNE';1;PUBBLICO;60;LUNGODEGENTI
2014;205;TO 5;1000401;OSPEDALE MAGGIORE;1;PUBBLICO;9;CHIRURGIA GENERALE
2014;204;TO 4;1001901;PRESIDIO OSPED. RIUNITO SEDE DI CIRIE';1;PUBBLICO;56;RECUPERO E RIABILITAZIONE FUNZIONALE
2014;204;TO 4;1001903;PRESIDIO OSPED. RIUNITO SEDE DI LANZO;1;PUBBLICO;56;RECUPERO E RIABILITAZIONE FUNZIONALE
2014;204;TO 4;1002302;OSPEDALE CIVILE DI CUORGNE';1;PUBBLICO;21;GERIATRIA
2014;204;TO 4;1002302;OSPEDALE CIVILE DI CUORGNE';1;PUBBLICO;31;NIDO
2014;204;TO 4;1001903;PRESIDIO OSPED. RIUNITO SEDE DI LANZO;1;PUBBLICO;60;LUNGODEGENTI
2014;205;TO 5;1000401;OSPEDALE MAGGIORE;1;PUBBLICO;29;NEFROLOGIA
2014;205;TO 5;1000401;OSPEDALE MAGGIORE;1;PUBBLICO;37;OSTETRICIA E GINECOLOGIA
2014;204;TO 4;1002302;OSPEDALE CIVILE DI CUORGNE';1;PUBBLICO;37;OSTETRICIA E GINECOLOGIA
2014;205;TO 5;1000401;OSPEDALE MAGGIORE;1;PUBBLICO;19;MALATTIE ENDOCRINE, DEL RICAMBIO E DELLA NUTRIZIONE
2014;204;TO 4;1002301;OSPEDALE CIVILE DI IVREA;1;PUBBLICO;43;UROLOGIA
2014;204;TO 4;1002301;OSPEDALE CIVILE DI IVREA;1;PUBBLICO;38;OTORINOLARINGOIATRIA
2014;205;TO 5;1000401;OSPEDALE MAGGIORE;1;PUBBLICO;56;RECUPERO E RIABILITAZIONE FUNZIONALE
2014;204;TO 4;1001700;OSPEDALE CIVICO CHIVASSO;1;PUBBLICO;62;NEONATOLOGIA
2014;204;TO 4;1002302;OSPEDALE CIVILE DI CUORGNE';1;PUBBLICO;2;DAY HOSPITAL (MULTISPECIALISTICO)
2014;204;TO 4;1001700;OSPEDALE CIVICO CHIVASSO;1;PUBBLICO;98;DAY SURGERY(MULTISPECIALISTICO)
2014;204;TO 4;1002302;OSPEDALE CIVILE DI CUORGNE';1;PUBBLICO;9;CHIRURGIA GENERALE
2014;204;TO 4;1001901;PRESIDIO OSPED. RIUNITO SEDE DI CIRIE';1;PUBBLICO;32;NEUROLOGIA
2014;204;TO 4;1002304;SAAPA S.P.A.;1;PUBBLICO;56;RECUPERO E RIABILITAZIONE FUNZIONALE
2014;204;TO 4;1002301;OSPEDALE CIVILE DI IVREA;1;PUBBLICO;49;TERAPIA INTENSIVA
2014;205;TO 5;1000401;OSPEDALE MAGGIORE;1;PUBBLICO;39;PEDIATRIA
2014;204;TO 4;1002304;SAAPA S.P.A.;1;PUBBLICO;60;LUNGODEGENTI
2014;205;TO 5;1000401;OSPEDALE MAGGIORE;1;PUBBLICO;31;NIDO
2014;204;TO 4;1001700;OSPEDALE CIVICO CHIVASSO;1;PUBBLICO;49;TERAPIA INTENSIVA
2014;204;TO 4;1001901;PRESIDIO OSPED. RIUNITO SEDE DI CIRIE';1;PUBBLICO;34;OCULISTICA
2014;204;TO 4;1002301;OSPEDALE CIVILE DI IVREA;1;PUBBLICO;18;EMATOLOGIA
2014;204;TO 4;1002301;OSPEDALE CIVILE DI IVREA;1;PUBBLICO;37;OSTETRICIA E GINECOLOGIA
2014;204;TO 4;1002302;OSPEDALE CIVILE DI CUORGNE';1;PUBBLICO;26;MEDICINA GENERALE
2014;204;TO 4;1089100;BEATA VERGINE CONSOLATA;1;PUBBLICO;56;RECUPERO E RIABILITAZIONE FUNZIONALE
2014;205;TO 5;1000402;OSPEDALE SANTA CROCE;1;PUBBLICO;38;OTORINOLARINGOIATRIA
2014;205;TO 5;1000402;OSPEDALE SANTA CROCE;1;PUBBLICO;31;NIDO
2014;205;TO 5;1000404;DAY SURGERY DEL DISTRETTO DI NICHELINO;1;PUBBLICO;98;DAY SURGERY(MULTISPECIALISTICO)
2014;205;TO 5;1000403;OSPEDALE SAN LORENZO;1;PUBBLICO;37;OSTETRICIA E GINECOLOGIA
2014;206;VC;1000901;OSPEDALE SANT'ANDREA;1;PUBBLICO;34;OCULISTICA
2014;205;TO 5;1000403;OSPEDALE SAN LORENZO;1;PUBBLICO;56;RECUPERO E RIABILITAZIONE FUNZIONALE
2014;205;TO 5;1000402;OSPEDALE SANTA CROCE;1;PUBBLICO;8;CARDIOLOGIA
2014;206;VC;1000901;OSPEDALE SANT'ANDREA;1;PUBBLICO;31;NIDO
2014;205;TO 5;1000402;OSPEDALE SANTA CROCE;1;PUBBLICO;56;RECUPERO E RIABILITAZIONE FUNZIONALE
2014;206;VC;1000901;OSPEDALE SANT'ANDREA;1;PUBBLICO;8;CARDIOLOGIA
2014;205;TO 5;1000402;OSPEDALE SANTA CROCE;1;PUBBLICO;37;OSTETRICIA E GINECOLOGIA
2014;206;VC;1000901;OSPEDALE SANT'ANDREA;1;PUBBLICO;2;DAY HOSPITAL (MULTISPECIALISTICO)
2014;206;VC;1000901;OSPEDALE SANT'ANDREA;1;PUBBLICO;40;PSICHIATRIA
2014;205;TO 5;1000402;OSPEDALE SANTA CROCE;1;PUBBLICO;73;TERAPIA INTENSIVA NEONATALE
2014;205;TO 5;1000402;OSPEDALE SANTA CROCE;1;PUBBLICO;39;PEDIATRIA
2014;206;VC;1000901;OSPEDALE SANT'ANDREA;1;PUBBLICO;71;REUMATOLOGIA
2014;205;TO 5;1000402;OSPEDALE SANTA CROCE;1;PUBBLICO;50;UNITA' CORONARICA
2014;205;TO 5;1000402;OSPEDALE SANTA CROCE;1;PUBBLICO;36;ORTOPEDIA E TRAUMATOLOGIA
2014;205;TO 5;1000402;OSPEDALE SANTA CROCE;1;PUBBLICO;9;CHIRURGIA GENERALE
2014;205;TO 5;1000401;OSPEDALE MAGGIORE;1;PUBBLICO;98;DAY SURGERY(MULTISPECIALISTICO)
2014;206;VC;1000901;OSPEDALE SANT'ANDREA;1;PUBBLICO;37;OSTETRICIA E GINECOLOGIA
2014;205;TO 5;1000402;OSPEDALE SANTA CROCE;1;PUBBLICO;26;MEDICINA GENERALE
2014;205;TO 5;1000402;OSPEDALE SANTA CROCE;1;PUBBLICO;43;UROLOGIA
2014;205;TO 5;1000402;OSPEDALE SANTA CROCE;1;PUBBLICO;62;NEONATOLOGIA
2014;205;TO 5;1000402;OSPEDALE SANTA CROCE;1;PUBBLICO;49;TERAPIA INTENSIVA
2014;205;TO 5;1000403;OSPEDALE SAN LORENZO;1;PUBBLICO;98;DAY SURGERY(MULTISPECIALISTICO)
2014;205;TO 5;1000402;OSPEDALE SANTA CROCE;1;PUBBLICO;98;DAY SURGERY(MULTISPECIALISTICO)
2014;206;VC;1000901;OSPEDALE SANT'ANDREA;1;PUBBLICO;43;UROLOGIA
2014;205;TO 5;1000402;OSPEDALE SANTA CROCE;1;PUBBLICO;32;NEUROLOGIA
2014;206;VC;1000901;OSPEDALE SANT'ANDREA;1;PUBBLICO;52;DERMATOLOGIA
2014;206;VC;1000901;OSPEDALE SANT'ANDREA;1;PUBBLICO;50;UNITA' CORONARICA
2014;205;TO 5;1000403;OSPEDALE SAN LORENZO;1;PUBBLICO;43;UROLOGIA
2014;205;TO 5;1000403;OSPEDALE SAN LORENZO;1;PUBBLICO;9;CHIRURGIA GENERALE
2014;205;TO 5;1000402;OSPEDALE SANTA CROCE;1;PUBBLICO;40;PSICHIATRIA
2014;206;VC;1000901;OSPEDALE SANT'ANDREA;1;PUBBLICO;67;PENSIONANTI
2014;206;VC;1000901;OSPEDALE SANT'ANDREA;1;PUBBLICO;24;MALATTIE INFETTIVE E TROPICALI
2014;206;VC;1000901;OSPEDALE SANT'ANDREA;1;PUBBLICO;38;OTORINOLARINGOIATRIA
2014;205;TO 5;1000403;OSPEDALE SAN LORENZO;1;PUBBLICO;2;DAY HOSPITAL (MULTISPECIALISTICO)
2014;206;VC;1000901;OSPEDALE SANT'ANDREA;1;PUBBLICO;36;ORTOPEDIA E TRAUMATOLOGIA
2014;206;VC;1000901;OSPEDALE SANT'ANDREA;1;PUBBLICO;39;PEDIATRIA
2014;206;VC;1000901;OSPEDALE SANT'ANDREA;1;PUBBLICO;56;RECUPERO E RIABILITAZIONE FUNZIONALE
2014;205;TO 5;1000403;OSPEDALE SAN LORENZO;1;PUBBLICO;60;LUNGODEGENTI
2014;206;VC;1000901;OSPEDALE SANT'ANDREA;1;PUBBLICO;49;TERAPIA INTENSIVA
2014;206;VC;1000901;OSPEDALE SANT'ANDREA;1;PUBBLICO;60;LUNGODEGENTI
2014;206;VC;1000901;OSPEDALE SANT'ANDREA;1;PUBBLICO;9;CHIRURGIA GENERALE
2014;206;VC;1000901;OSPEDALE SANT'ANDREA;1;PUBBLICO;26;MEDICINA GENERALE
2014;206;VC;1000901;OSPEDALE SANT'ANDREA;1;PUBBLICO;62;NEONATOLOGIA
2014;205;TO 5;1000403;OSPEDALE SAN LORENZO;1;PUBBLICO;26;MEDICINA GENERALE
2014;206;VC;1000901;OSPEDALE SANT'ANDREA;1;PUBBLICO;29;NEFROLOGIA
2014;206;VC;1000901;OSPEDALE SANT'ANDREA;1;PUBBLICO;32;NEUROLOGIA
2014;206;VC;1000901;OSPEDALE SANT'ANDREA;1;PUBBLICO;64;ONCOLOGIA
2014;206;VC;1000901;OSPEDALE SANT'ANDREA;1;PUBBLICO;68;PNEUMOLOGIA
2014;207;BI;1008500;OSP.DEGLI INFERMI DI BIELLA;1;PUBBLICO;24;MALATTIE INFETTIVE E TROPICALI
2014;207;BI;1008500;OSP.DEGLI INFERMI DI BIELLA;1;PUBBLICO;29;NEFROLOGIA
2014;206;VC;1000902;OSPEDALE SS.PIETRO E PAOLO;1;PUBBLICO;9;CHIRURGIA GENERALE
2014;207;BI;1008500;OSP.DEGLI INFERMI DI BIELLA;1;PUBBLICO;43;UROLOGIA
2014;207;BI;1008500;OSP.DEGLI INFERMI DI BIELLA;1;PUBBLICO;38;OTORINOLARINGOIATRIA
2014;206;VC;1000902;OSPEDALE SS.PIETRO E PAOLO;1;PUBBLICO;50;UNITA' CORONARICA
2014;207;BI;1008500;OSP.DEGLI INFERMI DI BIELLA;1;PUBBLICO;60;LUNGODEGENTI
2014;207;BI;1008500;OSP.DEGLI INFERMI DI BIELLA;1;PUBBLICO;39;PEDIATRIA
2014;207;BI;1008500;OSP.DEGLI INFERMI DI BIELLA;1;PUBBLICO;9;CHIRURGIA GENERALE
2014;208;NO;1000600;ISTITUTO S.S. TRINITA - BORGOMANERO;1;PUBBLICO;36;ORTOPEDIA E TRAUMATOLOGIA
2014;208;NO;1000600;ISTITUTO S.S. TRINITA - BORGOMANERO;1;PUBBLICO;31;NIDO
2014;207;BI;1008500;OSP.DEGLI INFERMI DI BIELLA;1;PUBBLICO;31;NIDO
2014;208;NO;1000600;ISTITUTO S.S. TRINITA - BORGOMANERO;1;PUBBLICO;8;CARDIOLOGIA
2014;209;VCO;1000501;OSPEDALE SAN BIAGIO;1;PUBBLICO;8;CARDIOLOGIA
2014;209;VCO;1000501;OSPEDALE SAN BIAGIO;1;PUBBLICO;9;CHIRURGIA GENERALE
2014;206;VC;1000902;OSPEDALE SS.PIETRO E PAOLO;1;PUBBLICO;26;MEDICINA GENERALE
2014;207;BI;1008500;OSP.DEGLI INFERMI DI BIELLA;1;PUBBLICO;36;ORTOPEDIA E TRAUMATOLOGIA
2014;209;VCO;1000501;OSPEDALE SAN BIAGIO;1;PUBBLICO;36;ORTOPEDIA E TRAUMATOLOGIA
2014;208;NO;1000600;ISTITUTO S.S. TRINITA - BORGOMANERO;1;PUBBLICO;62;NEONATOLOGIA
2014;207;BI;1008500;OSP.DEGLI INFERMI DI BIELLA;1;PUBBLICO;49;TERAPIA INTENSIVA
2014;207;BI;1008500;OSP.DEGLI INFERMI DI BIELLA;1;PUBBLICO;56;RECUPERO E RIABILITAZIONE FUNZIONALE
2014;207;BI;1008500;OSP.DEGLI INFERMI DI BIELLA;1;PUBBLICO;67;PENSIONANTI
2014;209;VCO;1000501;OSPEDALE SAN BIAGIO;1;PUBBLICO;29;NEFROLOGIA
2014;207;BI;1008500;OSP.DEGLI INFERMI DI BIELLA;1;PUBBLICO;62;NEONATOLOGIA
2014;207;BI;1008500;OSP.DEGLI INFERMI DI BIELLA;1;PUBBLICO;73;TERAPIA INTENSIVA NEONATALE
2014;209;VCO;1000501;OSPEDALE SAN BIAGIO;1;PUBBLICO;50;UNITA' CORONARICA
2014;208;NO;1000600;ISTITUTO S.S. TRINITA - BORGOMANERO;1;PUBBLICO;2;DAY HOSPITAL (MULTISPECIALISTICO)
2014;208;NO;1000600;ISTITUTO S.S. TRINITA - BORGOMANERO;1;PUBBLICO;37;OSTETRICIA E GINECOLOGIA
2014;209;VCO;1000501;OSPEDALE SAN BIAGIO;1;PUBBLICO;98;DAY SURGERY(MULTISPECIALISTICO)
2014;208;NO;1000600;ISTITUTO S.S. TRINITA - BORGOMANERO;1;PUBBLICO;26;MEDICINA GENERALE
2014;208;NO;1000600;ISTITUTO S.S. TRINITA - BORGOMANERO;1;PUBBLICO;67;PENSIONANTI
2014;209;VCO;1000503;C.O.Q. OSPEDALE MADONNA DEL POPOLO;1;PUBBLICO;56;RECUPERO E RIABILITAZIONE FUNZIONALE
2014;208;NO;1000600;ISTITUTO S.S. TRINITA - BORGOMANERO;1;PUBBLICO;43;UROLOGIA
2014;209;VCO;1000501;OSPEDALE SAN BIAGIO;1;PUBBLICO;43;UROLOGIA
2014;209;VCO;1000501;OSPEDALE SAN BIAGIO;1;PUBBLICO;24;MALATTIE INFETTIVE E TROPICALI
2014;206;VC;1000902;OSPEDALE SS.PIETRO E PAOLO;1;PUBBLICO;8;CARDIOLOGIA
2014;206;VC;1000902;OSPEDALE SS.PIETRO E PAOLO;1;PUBBLICO;36;ORTOPEDIA E TRAUMATOLOGIA
2014;207;BI;1008500;OSP.DEGLI INFERMI DI BIELLA;1;PUBBLICO;40;PSICHIATRIA
2014;206;VC;1000902;OSPEDALE SS.PIETRO E PAOLO;1;PUBBLICO;39;PEDIATRIA
2014;208;NO;1000600;ISTITUTO S.S. TRINITA - BORGOMANERO;1;PUBBLICO;32;NEUROLOGIA
2014;208;NO;1000600;ISTITUTO S.S. TRINITA - BORGOMANERO;1;PUBBLICO;34;OCULISTICA
2014;209;VCO;1000501;OSPEDALE SAN BIAGIO;1;PUBBLICO;38;OTORINOLARINGOIATRIA
2014;208;NO;1000600;ISTITUTO S.S. TRINITA - BORGOMANERO;1;PUBBLICO;40;PSICHIATRIA
2014;206;VC;1000901;OSPEDALE SANT'ANDREA;1;PUBBLICO;98;DAY SURGERY(MULTISPECIALISTICO)
2014;207;BI;1008500;OSP.DEGLI INFERMI DI BIELLA;1;PUBBLICO;14;CHIRURGIA VASCOLARE
2014;206;VC;1000902;OSPEDALE SS.PIETRO E PAOLO;1;PUBBLICO;60;LUNGODEGENTI
2014;206;VC;1000902;OSPEDALE SS.PIETRO E PAOLO;1;PUBBLICO;37;OSTETRICIA E GINECOLOGIA
2014;208;NO;1000600;ISTITUTO S.S. TRINITA - BORGOMANERO;1;PUBBLICO;29;NEFROLOGIA
2014;207;BI;1008500;OSP.DEGLI INFERMI DI BIELLA;1;PUBBLICO;64;ONCOLOGIA
2014;206;VC;1000902;OSPEDALE SS.PIETRO E PAOLO;1;PUBBLICO;38;OTORINOLARINGOIATRIA
2014;209;VCO;1000501;OSPEDALE SAN BIAGIO;1;PUBBLICO;37;OSTETRICIA E GINECOLOGIA
2014;207;BI;1008500;OSP.DEGLI INFERMI DI BIELLA;1;PUBBLICO;32;NEUROLOGIA
2014;208;NO;1000600;ISTITUTO S.S. TRINITA - BORGOMANERO;1;PUBBLICO;49;TERAPIA INTENSIVA
2014;206;VC;1000902;OSPEDALE SS.PIETRO E PAOLO;1;PUBBLICO;43;UROLOGIA
2014;207;BI;1008500;OSP.DEGLI INFERMI DI BIELLA;1;PUBBLICO;26;MEDICINA GENERALE
2014;207;BI;1008500;OSP.DEGLI INFERMI DI BIELLA;1;PUBBLICO;52;DERMATOLOGIA
2014;207;BI;1008500;OSP.DEGLI INFERMI DI BIELLA;1;PUBBLICO;58;GASTROENTEROLOGIA
2014;208;NO;1000600;ISTITUTO S.S. TRINITA - BORGOMANERO;1;PUBBLICO;64;ONCOLOGIA
2014;208;NO;1000600;ISTITUTO S.S. TRINITA - BORGOMANERO;1;PUBBLICO;50;UNITA' CORONARICA
2014;209;VCO;1000501;OSPEDALE SAN BIAGIO;1;PUBBLICO;40;PSICHIATRIA
2014;209;VCO;1000501;OSPEDALE SAN BIAGIO;1;PUBBLICO;49;TERAPIA INTENSIVA
2014;207;BI;1008500;OSP.DEGLI INFERMI DI BIELLA;1;PUBBLICO;8;CARDIOLOGIA
2014;207;BI;1008500;OSP.DEGLI INFERMI DI BIELLA;1;PUBBLICO;34;OCULISTICA
2014;208;NO;1000600;ISTITUTO S.S. TRINITA - BORGOMANERO;1;PUBBLICO;73;TERAPIA INTENSIVA NEONATALE
2014;208;NO;1000600;ISTITUTO S.S. TRINITA - BORGOMANERO;1;PUBBLICO;39;PEDIATRIA
2014;209;VCO;1000501;OSPEDALE SAN BIAGIO;1;PUBBLICO;67;PENSIONANTI
2014;209;VCO;1000501;OSPEDALE SAN BIAGIO;1;PUBBLICO;32;NEUROLOGIA
2014;207;BI;1008500;OSP.DEGLI INFERMI DI BIELLA;1;PUBBLICO;50;UNITA' CORONARICA
2014;209;VCO;1000501;OSPEDALE SAN BIAGIO;1;PUBBLICO;62;NEONATOLOGIA
2014;209;VCO;1000501;OSPEDALE SAN BIAGIO;1;PUBBLICO;14;CHIRURGIA VASCOLARE
2014;209;VCO;1000503;C.O.Q. OSPEDALE MADONNA DEL POPOLO;1;PUBBLICO;26;MEDICINA GENERALE
2014;209;VCO;1000501;OSPEDALE SAN BIAGIO;1;PUBBLICO;64;ONCOLOGIA
2014;209;VCO;1000501;OSPEDALE SAN BIAGIO;1;PUBBLICO;26;MEDICINA GENERALE
2014;209;VCO;1000503;C.O.Q. OSPEDALE MADONNA DEL POPOLO;1;PUBBLICO;36;ORTOPEDIA E TRAUMATOLOGIA
2014;209;VCO;1000501;OSPEDALE SAN BIAGIO;1;PUBBLICO;31;NIDO
2014;209;VCO;1000501;OSPEDALE SAN BIAGIO;1;PUBBLICO;34;OCULISTICA
2014;207;BI;1008500;OSP.DEGLI INFERMI DI BIELLA;1;PUBBLICO;37;OSTETRICIA E GINECOLOGIA
2014;207;BI;1008500;OSP.DEGLI INFERMI DI BIELLA;1;PUBBLICO;68;PNEUMOLOGIA
2014;208;NO;1000600;ISTITUTO S.S. TRINITA - BORGOMANERO;1;PUBBLICO;9;CHIRURGIA GENERALE
2014;209;VCO;1000501;OSPEDALE SAN BIAGIO;1;PUBBLICO;39;PEDIATRIA
2014;210;CN 1;1002701;OSP. MAGGIORE SS. TRINITA' FOSSANO CN1;1;PUBBLICO;60;LUNGODEGENTI
2014;210;CN 1;1012401;OSPEDALE DI MONDOVI' CN1;1;PUBBLICO;2;DAY HOSPITAL (MULTISPECIALISTICO)
2014;210;CN 1;1012601;OSP. MAGGIORE SS. ANNUNZIATA SAVIGLIANO CN1;1;PUBBLICO;36;ORTOPEDIA E TRAUMATOLOGIA
2014;210;CN 1;1012401;OSPEDALE DI MONDOVI' CN1;1;PUBBLICO;31;NIDO
2014;210;CN 1;1012601;OSP. MAGGIORE SS. ANNUNZIATA SAVIGLIANO CN1;1;PUBBLICO;37;OSTETRICIA E GINECOLOGIA
2014;211;CN 2;1012001;OSPEDALE SAN LAZZARO - ALBA;1;PUBBLICO;64;ONCOLOGIA
2014;210;CN 1;1012601;OSP. MAGGIORE SS. ANNUNZIATA SAVIGLIANO CN1;1;PUBBLICO;49;TERAPIA INTENSIVA
2014;211;CN 2;1012002;OSPEDALE SANTO SPIRITO BRA;1;PUBBLICO;36;ORTOPEDIA E TRAUMATOLOGIA
2014;211;CN 2;1012001;OSPEDALE SAN LAZZARO - ALBA;1;PUBBLICO;32;NEUROLOGIA
2014;211;CN 2;1012002;OSPEDALE SANTO SPIRITO BRA;1;PUBBLICO;49;TERAPIA INTENSIVA
2014;211;CN 2;1012002;OSPEDALE SANTO SPIRITO BRA;1;PUBBLICO;37;OSTETRICIA E GINECOLOGIA
2014;212;AT;1000801;PRESIDIO OSP. CARDINAL G. MASSAIA;1;PUBBLICO;10;CHIRURGIA MAXILLO FACCIALE
2014;212;AT;1000801;PRESIDIO OSP. CARDINAL G. MASSAIA;1;PUBBLICO;38;OTORINOLARINGOIATRIA
2014;212;AT;1000801;PRESIDIO OSP. CARDINAL G. MASSAIA;1;PUBBLICO;62;NEONATOLOGIA
2014;212;AT;1000801;PRESIDIO OSP. CARDINAL G. MASSAIA;1;PUBBLICO;39;PEDIATRIA
2014;212;AT;1000802;PRESIDIO OSPEDALIERO S. SPIRITO-VALLE BELBO;1;PUBBLICO;67;PENSIONANTI
2014;212;AT;1000801;PRESIDIO OSP. CARDINAL G. MASSAIA;1;PUBBLICO;98;DAY SURGERY(MULTISPECIALISTICO)
2014;210;CN 1;1002701;OSP. MAGGIORE SS. TRINITA' FOSSANO CN1;1;PUBBLICO;26;MEDICINA GENERALE
2014;210;CN 1;1012401;OSPEDALE DI MONDOVI' CN1;1;PUBBLICO;40;PSICHIATRIA
2014;210;CN 1;1002701;OSP. MAGGIORE SS. TRINITA' FOSSANO CN1;1;PUBBLICO;75;NEURORIABILITAZIONE
2014;213;AL;1002601;OSPEDALE SANTO SPIRITO CASALE;1;PUBBLICO;8;CARDIOLOGIA
2014;210;CN 1;1012601;OSP. MAGGIORE SS. ANNUNZIATA SAVIGLIANO CN1;1;PUBBLICO;8;CARDIOLOGIA
2014;211;CN 2;1012001;OSPEDALE SAN LAZZARO - ALBA;1;PUBBLICO;40;PSICHIATRIA
2014;210;CN 1;1012601;OSP. MAGGIORE SS. ANNUNZIATA SAVIGLIANO CN1;1;PUBBLICO;9;CHIRURGIA GENERALE
2014;210;CN 1;1012401;OSPEDALE DI MONDOVI' CN1;1;PUBBLICO;8;CARDIOLOGIA
2014;213;AL;1002601;OSPEDALE SANTO SPIRITO CASALE;1;PUBBLICO;31;NIDO
2014;210;CN 1;1012602;OSP. CIVILE DI SALUZZO CN1;1;PUBBLICO;26;MEDICINA GENERALE
2014;210;CN 1;1012601;OSP. MAGGIORE SS. ANNUNZIATA SAVIGLIANO CN1;1;PUBBLICO;31;NIDO
2014;210;CN 1;1012401;OSPEDALE DI MONDOVI' CN1;1;PUBBLICO;49;TERAPIA INTENSIVA
2014;212;AT;1000801;PRESIDIO OSP. CARDINAL G. MASSAIA;1;PUBBLICO;31;NIDO
2014;210;CN 1;1012401;OSPEDALE DI MONDOVI' CN1;1;PUBBLICO;39;PEDIATRIA
2014;213;AL;1002604;OSPEDALE SAN GIACOMO NOVI;1;PUBBLICO;26;MEDICINA GENERALE
2014;210;CN 1;1012602;OSP. CIVILE DI SALUZZO CN1;1;PUBBLICO;60;LUNGODEGENTI
2014;210;CN 1;1012402;NUOVO OSPEDALE DI CEVA CN1;1;PUBBLICO;34;OCULISTICA
2014;210;CN 1;1012601;OSP. MAGGIORE SS. ANNUNZIATA SAVIGLIANO CN1;1;PUBBLICO;58;GASTROENTEROLOGIA
2014;210;CN 1;1012601;OSP. MAGGIORE SS. ANNUNZIATA SAVIGLIANO CN1;1;PUBBLICO;39;PEDIATRIA
2014;212;AT;1000801;PRESIDIO OSP. CARDINAL G. MASSAIA;1;PUBBLICO;32;NEUROLOGIA
2014;210;CN 1;1012402;NUOVO OSPEDALE DI CEVA CN1;1;PUBBLICO;9;CHIRURGIA GENERALE
2014;210;CN 1;1002701;OSP. MAGGIORE SS. TRINITA' FOSSANO CN1;1;PUBBLICO;37;OSTETRICIA E GINECOLOGIA
2014;211;CN 2;1012001;OSPEDALE SAN LAZZARO - ALBA;1;PUBBLICO;29;NEFROLOGIA
2014;211;CN 2;1012001;OSPEDALE SAN LAZZARO - ALBA;1;PUBBLICO;9;CHIRURGIA GENERALE
2014;211;CN 2;1012001;OSPEDALE SAN LAZZARO - ALBA;1;PUBBLICO;56;RECUPERO E RIABILITAZIONE FUNZIONALE
2014;210;CN 1;1012402;NUOVO OSPEDALE DI CEVA CN1;1;PUBBLICO;43;UROLOGIA
2014;212;AT;1000802;PRESIDIO OSPEDALIERO S. SPIRITO-VALLE BELBO;1;PUBBLICO;26;MEDICINA GENERALE
2014;210;CN 1;1012402;NUOVO OSPEDALE DI CEVA CN1;1;PUBBLICO;26;MEDICINA GENERALE
2014;210;CN 1;1012401;OSPEDALE DI MONDOVI' CN1;1;PUBBLICO;50;UNITA' CORONARICA
2014;211;CN 2;1012002;OSPEDALE SANTO SPIRITO BRA;1;PUBBLICO;9;CHIRURGIA GENERALE
2014;213;AL;1002601;OSPEDALE SANTO SPIRITO CASALE;1;PUBBLICO;9;CHIRURGIA GENERALE
2014;210;CN 1;1012601;OSP. MAGGIORE SS. ANNUNZIATA SAVIGLIANO CN1;1;PUBBLICO;40;PSICHIATRIA
2014;211;CN 2;1012001;OSPEDALE SAN LAZZARO - ALBA;1;PUBBLICO;31;NIDO
2014;212;AT;1000802;PRESIDIO OSPEDALIERO S. SPIRITO-VALLE BELBO;1;PUBBLICO;56;RECUPERO E RIABILITAZIONE FUNZIONALE
2014;210;CN 1;1012601;OSP. MAGGIORE SS. ANNUNZIATA SAVIGLIANO CN1;1;PUBBLICO;67;PENSIONANTI
2014;212;AT;1000801;PRESIDIO OSP. CARDINAL G. MASSAIA;1;PUBBLICO;24;MALATTIE INFETTIVE E TROPICALI
2014;210;CN 1;1012402;NUOVO OSPEDALE DI CEVA CN1;1;PUBBLICO;37;OSTETRICIA E GINECOLOGIA
2014;213;AL;1002601;OSPEDALE SANTO SPIRITO CASALE;1;PUBBLICO;24;MALATTIE INFETTIVE E TROPICALI
2014;211;CN 2;1012001;OSPEDALE SAN LAZZARO - ALBA;1;PUBBLICO;37;OSTETRICIA E GINECOLOGIA
2014;213;AL;1002601;OSPEDALE SANTO SPIRITO CASALE;1;PUBBLICO;26;MEDICINA GENERALE
2014;210;CN 1;1012601;OSP. MAGGIORE SS. ANNUNZIATA SAVIGLIANO CN1;1;PUBBLICO;50;UNITA' CORONARICA
2014;211;CN 2;1012001;OSPEDALE SAN LAZZARO - ALBA;1;PUBBLICO;50;UNITA' CORONARICA
2014;213;AL;1002601;OSPEDALE SANTO SPIRITO CASALE;1;PUBBLICO;60;LUNGODEGENTI
2014;213;AL;1002603;OSPEDALE SS. ANTONIO E MARGHERITA TORTONA;1;PUBBLICO;37;OSTETRICIA E GINECOLOGIA
2014;211;CN 2;1012001;OSPEDALE SAN LAZZARO - ALBA;1;PUBBLICO;34;OCULISTICA
2014;211;CN 2;1012001;OSPEDALE SAN LAZZARO - ALBA;1;PUBBLICO;39;PEDIATRIA
2014;211;CN 2;1012002;OSPEDALE SANTO SPIRITO BRA;1;PUBBLICO;26;MEDICINA GENERALE
2014;213;AL;1002601;OSPEDALE SANTO SPIRITO CASALE;1;PUBBLICO;32;NEUROLOGIA
2014;210;CN 1;1002701;OSP. MAGGIORE SS. TRINITA' FOSSANO CN1;1;PUBBLICO;56;RECUPERO E RIABILITAZIONE FUNZIONALE
2014;210;CN 1;1012401;OSPEDALE DI MONDOVI' CN1;1;PUBBLICO;26;MEDICINA GENERALE
2014;212;AT;1000802;PRESIDIO OSPEDALIERO S. SPIRITO-VALLE BELBO;1;PUBBLICO;98;DAY SURGERY(MULTISPECIALISTICO)
2014;209;VCO;1000503;C.O.Q. OSPEDALE MADONNA DEL POPOLO;1;PUBBLICO;98;DAY SURGERY(MULTISPECIALISTICO)
2014;210;CN 1;1012401;OSPEDALE DI MONDOVI' CN1;1;PUBBLICO;34;OCULISTICA
2014;210;CN 1;1012401;OSPEDALE DI MONDOVI' CN1;1;PUBBLICO;9;CHIRURGIA GENERALE
2014;210;CN 1;1012401;OSPEDALE DI MONDOVI' CN1;1;PUBBLICO;37;OSTETRICIA E GINECOLOGIA
2014;212;AT;1000801;PRESIDIO OSP. CARDINAL G. MASSAIA;1;PUBBLICO;52;DERMATOLOGIA
2014;211;CN 2;1012001;OSPEDALE SAN LAZZARO - ALBA;1;PUBBLICO;60;LUNGODEGENTI
2014;210;CN 1;1012401;OSPEDALE DI MONDOVI' CN1;1;PUBBLICO;36;ORTOPEDIA E TRAUMATOLOGIA
2014;210;CN 1;1012401;OSPEDALE DI MONDOVI' CN1;1;PUBBLICO;43;UROLOGIA
2014;210;CN 1;1012402;NUOVO OSPEDALE DI CEVA CN1;1;PUBBLICO;2;DAY HOSPITAL (MULTISPECIALISTICO)
2014;210;CN 1;1012601;OSP. MAGGIORE SS. ANNUNZIATA SAVIGLIANO CN1;1;PUBBLICO;34;OCULISTICA
2014;210;CN 1;1012401;OSPEDALE DI MONDOVI' CN1;1;PUBBLICO;62;NEONATOLOGIA
2014;210;CN 1;1012401;OSPEDALE DI MONDOVI' CN1;1;PUBBLICO;38;OTORINOLARINGOIATRIA
2014;211;CN 2;1012001;OSPEDALE SAN LAZZARO - ALBA;1;PUBBLICO;43;UROLOGIA
2014;213;AL;1002603;OSPEDALE SS. ANTONIO E MARGHERITA TORTONA;1;PUBBLICO;8;CARDIOLOGIA
2014;212;AT;1000801;PRESIDIO OSP. CARDINAL G. MASSAIA;1;PUBBLICO;67;PENSIONANTI
2014;213;AL;1002601;OSPEDALE SANTO SPIRITO CASALE;1;PUBBLICO;40;PSICHIATRIA
2014;213;AL;1002601;OSPEDALE SANTO SPIRITO CASALE;1;PUBBLICO;37;OSTETRICIA E GINECOLOGIA
2014;213;AL;1002602;OSPEDALE VALENZA;1;PUBBLICO;56;RECUPERO E RIABILITAZIONE FUNZIONALE
2014;210;CN 1;1012402;NUOVO OSPEDALE DI CEVA CN1;1;PUBBLICO;56;RECUPERO E RIABILITAZIONE FUNZIONALE
2014;210;CN 1;1012401;OSPEDALE DI MONDOVI' CN1;1;PUBBLICO;64;ONCOLOGIA
2014;210;CN 1;1012601;OSP. MAGGIORE SS. ANNUNZIATA SAVIGLIANO CN1;1;PUBBLICO;2;DAY HOSPITAL (MULTISPECIALISTICO)
2014;210;CN 1;1012602;OSP. CIVILE DI SALUZZO CN1;1;PUBBLICO;36;ORTOPEDIA E TRAUMATOLOGIA
2014;210;CN 1;1012601;OSP. MAGGIORE SS. ANNUNZIATA SAVIGLIANO CN1;1;PUBBLICO;19;MALATTIE ENDOCRINE, DEL RICAMBIO E DELLA NUTRIZIONE
2014;210;CN 1;1012401;OSPEDALE DI MONDOVI' CN1;1;PUBBLICO;67;PENSIONANTI
2014;211;CN 2;1012002;OSPEDALE SANTO SPIRITO BRA;1;PUBBLICO;39;PEDIATRIA
2014;213;AL;1002601;OSPEDALE SANTO SPIRITO CASALE;1;PUBBLICO;38;OTORINOLARINGOIATRIA
2014;213;AL;1002601;OSPEDALE SANTO SPIRITO CASALE;1;PUBBLICO;43;UROLOGIA
2014;213;AL;1002603;OSPEDALE SS. ANTONIO E MARGHERITA TORTONA;1;PUBBLICO;50;UNITA' CORONARICA
2014;212;AT;1000801;PRESIDIO OSP. CARDINAL G. MASSAIA;1;PUBBLICO;9;CHIRURGIA GENERALE
2014;213;AL;1002601;OSPEDALE SANTO SPIRITO CASALE;1;PUBBLICO;64;ONCOLOGIA
2014;213;AL;1002603;OSPEDALE SS. ANTONIO E MARGHERITA TORTONA;1;PUBBLICO;31;NIDO
2014;211;CN 2;1012001;OSPEDALE SAN LAZZARO - ALBA;1;PUBBLICO;26;MEDICINA GENERALE
2014;213;AL;1002601;OSPEDALE SANTO SPIRITO CASALE;1;PUBBLICO;56;RECUPERO E RIABILITAZIONE FUNZIONALE
2014;212;AT;1000801;PRESIDIO OSP. CARDINAL G. MASSAIA;1;PUBBLICO;34;OCULISTICA
2014;212;AT;1000801;PRESIDIO OSP. CARDINAL G. MASSAIA;1;PUBBLICO;2;DAY HOSPITAL (MULTISPECIALISTICO)
2014;210;CN 1;1012601;OSP. MAGGIORE SS. ANNUNZIATA SAVIGLIANO CN1;1;PUBBLICO;26;MEDICINA GENERALE
2014;210;CN 1;1012602;OSP. CIVILE DI SALUZZO CN1;1;PUBBLICO;64;ONCOLOGIA
2014;210;CN 1;1012601;OSP. MAGGIORE SS. ANNUNZIATA SAVIGLIANO CN1;1;PUBBLICO;32;NEUROLOGIA
2014;210;CN 1;1012402;NUOVO OSPEDALE DI CEVA CN1;1;PUBBLICO;29;NEFROLOGIA
2014;213;AL;1002601;OSPEDALE SANTO SPIRITO CASALE;1;PUBBLICO;52;DERMATOLOGIA
2014;212;AT;1000801;PRESIDIO OSP. CARDINAL G. MASSAIA;1;PUBBLICO;14;CHIRURGIA VASCOLARE
2014;213;AL;1002603;OSPEDALE SS. ANTONIO E MARGHERITA TORTONA;1;PUBBLICO;67;PENSIONANTI
2014;212;AT;1000801;PRESIDIO OSP. CARDINAL G. MASSAIA;1;PUBBLICO;21;GERIATRIA
2014;210;CN 1;1012601;OSP. MAGGIORE SS. ANNUNZIATA SAVIGLIANO CN1;1;PUBBLICO;43;UROLOGIA
2014;213;AL;1002602;OSPEDALE VALENZA;1;PUBBLICO;60;LUNGODEGENTI
2014;211;CN 2;1012001;OSPEDALE SAN LAZZARO - ALBA;1;PUBBLICO;62;NEONATOLOGIA
2014;213;AL;1002603;OSPEDALE SS. ANTONIO E MARGHERITA TORTONA;1;PUBBLICO;64;ONCOLOGIA
2014;211;CN 2;1012001;OSPEDALE SAN LAZZARO - ALBA;1;PUBBLICO;36;ORTOPEDIA E TRAUMATOLOGIA
2014;213;AL;1002601;OSPEDALE SANTO SPIRITO CASALE;1;PUBBLICO;35;ODONTOIATRIA E STOMATOLOGIA
2014;213;AL;1002601;OSPEDALE SANTO SPIRITO CASALE;1;PUBBLICO;34;OCULISTICA
2014;210;CN 1;1012601;OSP. MAGGIORE SS. ANNUNZIATA SAVIGLIANO CN1;1;PUBBLICO;38;OTORINOLARINGOIATRIA
2014;212;AT;1000801;PRESIDIO OSP. CARDINAL G. MASSAIA;1;PUBBLICO;49;TERAPIA INTENSIVA
2014;213;AL;1002604;OSPEDALE SAN GIACOMO NOVI;1;PUBBLICO;2;DAY HOSPITAL (MULTISPECIALISTICO)
2014;213;AL;1002603;OSPEDALE SS. ANTONIO E MARGHERITA TORTONA;1;PUBBLICO;38;OTORINOLARINGOIATRIA
2014;211;CN 2;1012002;OSPEDALE SANTO SPIRITO BRA;1;PUBBLICO;67;PENSIONANTI
2014;213;AL;1002601;OSPEDALE SANTO SPIRITO CASALE;1;PUBBLICO;49;TERAPIA INTENSIVA
2014;210;CN 1;1012601;OSP. MAGGIORE SS. ANNUNZIATA SAVIGLIANO CN1;1;PUBBLICO;62;NEONATOLOGIA
2014;212;AT;1000801;PRESIDIO OSP. CARDINAL G. MASSAIA;1;PUBBLICO;26;MEDICINA GENERALE
2014;211;CN 2;1012001;OSPEDALE SAN LAZZARO - ALBA;1;PUBBLICO;67;PENSIONANTI
2014;211;CN 2;1012001;OSPEDALE SAN LAZZARO - ALBA;1;PUBBLICO;18;EMATOLOGIA
2014;213;AL;1002601;OSPEDALE SANTO SPIRITO CASALE;1;PUBBLICO;58;GASTROENTEROLOGIA
2014;213;AL;1002603;OSPEDALE SS. ANTONIO E MARGHERITA TORTONA;1;PUBBLICO;34;OCULISTICA
2014;213;AL;1002603;OSPEDALE SS. ANTONIO E MARGHERITA TORTONA;1;PUBBLICO;32;NEUROLOGIA
2014;212;AT;1000801;PRESIDIO OSP. CARDINAL G. MASSAIA;1;PUBBLICO;37;OSTETRICIA E GINECOLOGIA
2014;212;AT;1000801;PRESIDIO OSP. CARDINAL G. MASSAIA;1;PUBBLICO;50;UNITA' CORONARICA
2014;210;CN 1;1012602;OSP. CIVILE DI SALUZZO CN1;1;PUBBLICO;9;CHIRURGIA GENERALE
2014;211;CN 2;1012001;OSPEDALE SAN LAZZARO - ALBA;1;PUBBLICO;49;TERAPIA INTENSIVA
2014;213;AL;1002601;OSPEDALE SANTO SPIRITO CASALE;1;PUBBLICO;67;PENSIONANTI
2014;212;AT;1000801;PRESIDIO OSP. CARDINAL G. MASSAIA;1;PUBBLICO;43;UROLOGIA
2014;213;AL;1002603;OSPEDALE SS. ANTONIO E MARGHERITA TORTONA;1;PUBBLICO;39;PEDIATRIA
2014;211;CN 2;1012001;OSPEDALE SAN LAZZARO - ALBA;1;PUBBLICO;8;CARDIOLOGIA
2014;212;AT;1000801;PRESIDIO OSP. CARDINAL G. MASSAIA;1;PUBBLICO;56;RECUPERO E RIABILITAZIONE FUNZIONALE
2014;213;AL;1002603;OSPEDALE SS. ANTONIO E MARGHERITA TORTONA;1;PUBBLICO;36;ORTOPEDIA E TRAUMATOLOGIA
2014;212;AT;1000801;PRESIDIO OSP. CARDINAL G. MASSAIA;1;PUBBLICO;97;DETENUTI
2014;211;CN 2;1012002;OSPEDALE SANTO SPIRITO BRA;1;PUBBLICO;60;LUNGODEGENTI
2014;211;CN 2;1012001;OSPEDALE SAN LAZZARO - ALBA;1;PUBBLICO;38;OTORINOLARINGOIATRIA
2014;212;AT;1000801;PRESIDIO OSP. CARDINAL G. MASSAIA;1;PUBBLICO;60;LUNGODEGENTI
2014;213;AL;1002601;OSPEDALE SANTO SPIRITO CASALE;1;PUBBLICO;68;PNEUMOLOGIA
2014;212;AT;1000801;PRESIDIO OSP. CARDINAL G. MASSAIA;1;PUBBLICO;8;CARDIOLOGIA
2014;212;AT;1000801;PRESIDIO OSP. CARDINAL G. MASSAIA;1;PUBBLICO;36;ORTOPEDIA E TRAUMATOLOGIA
2014;213;AL;1002604;OSPEDALE SAN GIACOMO NOVI;1;PUBBLICO;9;CHIRURGIA GENERALE
2014;213;AL;1002601;OSPEDALE SANTO SPIRITO CASALE;1;PUBBLICO;18;EMATOLOGIA
2014;213;AL;1002603;OSPEDALE SS. ANTONIO E MARGHERITA TORTONA;1;PUBBLICO;49;TERAPIA INTENSIVA
2014;212;AT;1000801;PRESIDIO OSP. CARDINAL G. MASSAIA;1;PUBBLICO;40;PSICHIATRIA
2014;213;AL;1002601;OSPEDALE SANTO SPIRITO CASALE;1;PUBBLICO;29;NEFROLOGIA
2014;212;AT;1000801;PRESIDIO OSP. CARDINAL G. MASSAIA;1;PUBBLICO;29;NEFROLOGIA
2014;213;AL;1002601;OSPEDALE SANTO SPIRITO CASALE;1;PUBBLICO;39;PEDIATRIA
2014;213;AL;1002602;OSPEDALE VALENZA;1;PUBBLICO;26;MEDICINA GENERALE
2014;212;AT;1000801;PRESIDIO OSP. CARDINAL G. MASSAIA;1;PUBBLICO;64;ONCOLOGIA
2014;213;AL;1002603;OSPEDALE SS. ANTONIO E MARGHERITA TORTONA;1;PUBBLICO;43;UROLOGIA
2014;213;AL;1002603;OSPEDALE SS. ANTONIO E MARGHERITA TORTONA;1;PUBBLICO;26;MEDICINA GENERALE
2014;213;AL;1002602;OSPEDALE VALENZA;1;PUBBLICO;98;DAY SURGERY(MULTISPECIALISTICO)
2014;213;AL;1002603;OSPEDALE SS. ANTONIO E MARGHERITA TORTONA;1;PUBBLICO;9;CHIRURGIA GENERALE
2014;210;CN 1;1012602;OSP. CIVILE DI SALUZZO CN1;1;PUBBLICO;21;GERIATRIA
2014;210;CN 1;1012602;OSP. CIVILE DI SALUZZO CN1;1;PUBBLICO;34;OCULISTICA
2014;213;AL;1002601;OSPEDALE SANTO SPIRITO CASALE;1;PUBBLICO;19;MALATTIE ENDOCRINE, DEL RICAMBIO E DELLA NUTRIZIONE
2014;213;AL;1002601;OSPEDALE SANTO SPIRITO CASALE;1;PUBBLICO;36;ORTOPEDIA E TRAUMATOLOGIA
2014;213;AL;1002601;OSPEDALE SANTO SPIRITO CASALE;1;PUBBLICO;50;UNITA' CORONARICA
2014;213;AL;1002604;OSPEDALE SAN GIACOMO NOVI;1;PUBBLICO;8;CARDIOLOGIA
2014;904;AZIENDA OSP. S.LUIGI;1090400;AZIENDA OSPEDALIERO UNIVERSITARIA S.LUIGI;1;PUBBLICO;8;CARDIOLOGIA
2014;213;AL;1002604;OSPEDALE SAN GIACOMO NOVI;1;PUBBLICO;60;LUNGODEGENTI
2014;213;AL;1002604;OSPEDALE SAN GIACOMO NOVI;1;PUBBLICO;34;OCULISTICA
2014;904;AZIENDA OSP. S.LUIGI;1090400;AZIENDA OSPEDALIERO UNIVERSITARIA S.LUIGI;1;PUBBLICO;26;MEDICINA GENERALE
2014;213;AL;1002604;OSPEDALE SAN GIACOMO NOVI;1;PUBBLICO;98;DAY SURGERY(MULTISPECIALISTICO)
2014;213;AL;1002604;OSPEDALE SAN GIACOMO NOVI;1;PUBBLICO;39;PEDIATRIA
2014;213;AL;1002604;OSPEDALE SAN GIACOMO NOVI;1;PUBBLICO;43;UROLOGIA
2014;905;AZIENDA OSP. MAGGIORE DELLA CARITA';1090501;OSP. MAGGIORE DELLA CARITA';1;PUBBLICO;2;DAY HOSPITAL (MULTISPECIALISTICO)
2014;213;AL;1002605;OSPEDALE CIVILE ACQUI;1;PUBBLICO;50;UNITA' CORONARICA
2014;213;AL;1002604;OSPEDALE SAN GIACOMO NOVI;1;PUBBLICO;32;NEUROLOGIA
2014;213;AL;1002605;OSPEDALE CIVILE ACQUI;1;PUBBLICO;39;PEDIATRIA
2014;213;AL;1002605;OSPEDALE CIVILE ACQUI;1;PUBBLICO;9;CHIRURGIA GENERALE
2014;905;AZIENDA OSP. MAGGIORE DELLA CARITA';1090502;OSPEDALE SAN ROCCO GALLIATE;1;PUBBLICO;26;MEDICINA GENERALE
2014;213;AL;1002606;OSPEDALE CIVILE OVADA;1;PUBBLICO;68;PNEUMOLOGIA
2014;213;AL;1002604;OSPEDALE SAN GIACOMO NOVI;1;PUBBLICO;67;PENSIONANTI
2014;213;AL;1002605;OSPEDALE CIVILE ACQUI;1;PUBBLICO;67;PENSIONANTI
2014;213;AL;1002604;OSPEDALE SAN GIACOMO NOVI;1;PUBBLICO;50;UNITA' CORONARICA
2014;904;AZIENDA OSP. S.LUIGI;1090400;AZIENDA OSPEDALIERO UNIVERSITARIA S.LUIGI;1;PUBBLICO;64;ONCOLOGIA
2014;213;AL;1002606;OSPEDALE CIVILE OVADA;1;PUBBLICO;26;MEDICINA GENERALE
2014;213;AL;1002605;OSPEDALE CIVILE ACQUI;1;PUBBLICO;43;UROLOGIA
2014;905;AZIENDA OSP. MAGGIORE DELLA CARITA';1090502;OSPEDALE SAN ROCCO GALLIATE;1;PUBBLICO;56;RECUPERO E RIABILITAZIONE FUNZIONALE
2014;904;AZIENDA OSP. S.LUIGI;1090400;AZIENDA OSPEDALIERO UNIVERSITARIA S.LUIGI;1;PUBBLICO;2;DAY HOSPITAL (MULTISPECIALISTICO)
2014;213;AL;1002605;OSPEDALE CIVILE ACQUI;1;PUBBLICO;37;OSTETRICIA E GINECOLOGIA
2014;213;AL;1002604;OSPEDALE SAN GIACOMO NOVI;1;PUBBLICO;38;OTORINOLARINGOIATRIA
2014;905;AZIENDA OSP. MAGGIORE DELLA CARITA';1090501;OSP. MAGGIORE DELLA CARITA';1;PUBBLICO;30;NEUROCHIRURGIA
2014;213;AL;1002605;OSPEDALE CIVILE ACQUI;1;PUBBLICO;38;OTORINOLARINGOIATRIA
2014;905;AZIENDA OSP. MAGGIORE DELLA CARITA';1090501;OSP. MAGGIORE DELLA CARITA';1;PUBBLICO;24;MALATTIE INFETTIVE E TROPICALI
2014;213;AL;1002606;OSPEDALE CIVILE OVADA;1;PUBBLICO;56;RECUPERO E RIABILITAZIONE FUNZIONALE
2014;213;AL;1002606;OSPEDALE CIVILE OVADA;1;PUBBLICO;2;DAY HOSPITAL (MULTISPECIALISTICO)
2014;906;AZIENDA OSP. S.CROCE E CARLE;1090600;AZ. OSPEDAL. S. CROCE E CARLE;1;PUBBLICO;9;CHIRURGIA GENERALE
2014;904;AZIENDA OSP. S.LUIGI;1090400;AZIENDA OSPEDALIERO UNIVERSITARIA S.LUIGI;1;PUBBLICO;32;NEUROLOGIA
2014;905;AZIENDA OSP. MAGGIORE DELLA CARITA';1090502;OSPEDALE SAN ROCCO GALLIATE;1;PUBBLICO;9;CHIRURGIA GENERALE
2014;213;AL;1002606;OSPEDALE CIVILE OVADA;1;PUBBLICO;98;DAY SURGERY(MULTISPECIALISTICO)
2014;905;AZIENDA OSP. MAGGIORE DELLA CARITA';1090501;OSP. MAGGIORE DELLA CARITA';1;PUBBLICO;40;PSICHIATRIA
2014;213;AL;1002605;OSPEDALE CIVILE ACQUI;1;PUBBLICO;49;TERAPIA INTENSIVA
2014;213;AL;1002606;OSPEDALE CIVILE OVADA;1;PUBBLICO;43;UROLOGIA
2014;213;AL;1002606;OSPEDALE CIVILE OVADA;1;PUBBLICO;60;LUNGODEGENTI
2014;906;AZIENDA OSP. S.CROCE E CARLE;1090600;AZ. OSPEDAL. S. CROCE E CARLE;1;PUBBLICO;40;PSICHIATRIA
2014;904;AZIENDA OSP. S.LUIGI;1090400;AZIENDA OSPEDALIERO UNIVERSITARIA S.LUIGI;1;PUBBLICO;49;TERAPIA INTENSIVA
2014;904;AZIENDA OSP. S.LUIGI;1090400;AZIENDA OSPEDALIERO UNIVERSITARIA S.LUIGI;1;PUBBLICO;9;CHIRURGIA GENERALE
2014;213;AL;1002605;OSPEDALE CIVILE ACQUI;1;PUBBLICO;26;MEDICINA GENERALE
2014;905;AZIENDA OSP. MAGGIORE DELLA CARITA';1090501;OSP. MAGGIORE DELLA CARITA';1;PUBBLICO;49;TERAPIA INTENSIVA
2014;905;AZIENDA OSP. MAGGIORE DELLA CARITA';1090501;OSP. MAGGIORE DELLA CARITA';1;PUBBLICO;10;CHIRURGIA MAXILLO FACCIALE
2014;904;AZIENDA OSP. S.LUIGI;1090400;AZIENDA OSPEDALIERO UNIVERSITARIA S.LUIGI;1;PUBBLICO;13;CHIRURGIA TORACICA
2014;906;AZIENDA OSP. S.CROCE E CARLE;1090600;AZ. OSPEDAL. S. CROCE E CARLE;1;PUBBLICO;32;NEUROLOGIA
2014;213;AL;1002604;OSPEDALE SAN GIACOMO NOVI;1;PUBBLICO;31;NIDO
2014;905;AZIENDA OSP. MAGGIORE DELLA CARITA';1090501;OSP. MAGGIORE DELLA CARITA';1;PUBBLICO;26;MEDICINA GENERALE
2014;904;AZIENDA OSP. S.LUIGI;1090400;AZIENDA OSPEDALIERO UNIVERSITARIA S.LUIGI;1;PUBBLICO;21;GERIATRIA
2014;908;AZIENDA OSP. ORDINE MAURIZIANO DI TORINO;1090800;OSPEDALE MAURIZIANO UMBERTO I - TORINO;1;PUBBLICO;36;ORTOPEDIA E TRAUMATOLOGIA
2014;905;AZIENDA OSP. MAGGIORE DELLA CARITA';1090501;OSP. MAGGIORE DELLA CARITA';1;PUBBLICO;9;CHIRURGIA GENERALE
2014;905;AZIENDA OSP. MAGGIORE DELLA CARITA';1090501;OSP. MAGGIORE DELLA CARITA';1;PUBBLICO;70;RADIOTERAPIA
2014;213;AL;1002605;OSPEDALE CIVILE ACQUI;1;PUBBLICO;36;ORTOPEDIA E TRAUMATOLOGIA
2014;906;AZIENDA OSP. S.CROCE E CARLE;1090600;AZ. OSPEDAL. S. CROCE E CARLE;1;PUBBLICO;37;OSTETRICIA E GINECOLOGIA
2014;904;AZIENDA OSP. S.LUIGI;1090400;AZIENDA OSPEDALIERO UNIVERSITARIA S.LUIGI;1;PUBBLICO;36;ORTOPEDIA E TRAUMATOLOGIA
2014;905;AZIENDA OSP. MAGGIORE DELLA CARITA';1090501;OSP. MAGGIORE DELLA CARITA';1;PUBBLICO;33;NEUROPSICHIATRIA INFANTILE
2014;213;AL;1002604;OSPEDALE SAN GIACOMO NOVI;1;PUBBLICO;36;ORTOPEDIA E TRAUMATOLOGIA
2014;905;AZIENDA OSP. MAGGIORE DELLA CARITA';1090501;OSP. MAGGIORE DELLA CARITA';1;PUBBLICO;36;ORTOPEDIA E TRAUMATOLOGIA
2014;908;AZIENDA OSP. ORDINE MAURIZIANO DI TORINO;1090800;OSPEDALE MAURIZIANO UMBERTO I - TORINO;1;PUBBLICO;56;RECUPERO E RIABILITAZIONE FUNZIONALE
2014;905;AZIENDA OSP. MAGGIORE DELLA CARITA';1090501;OSP. MAGGIORE DELLA CARITA';1;PUBBLICO;11;CHIRURGIA PEDIATRICA
2014;906;AZIENDA OSP. S.CROCE E CARLE;1090600;AZ. OSPEDAL. S. CROCE E CARLE;1;PUBBLICO;29;NEFROLOGIA
2014;213;AL;1002606;OSPEDALE CIVILE OVADA;1;PUBBLICO;36;ORTOPEDIA E TRAUMATOLOGIA
2014;904;AZIENDA OSP. S.LUIGI;1090400;AZIENDA OSPEDALIERO UNIVERSITARIA S.LUIGI;1;PUBBLICO;50;UNITA' CORONARICA
2014;906;AZIENDA OSP. S.CROCE E CARLE;1090600;AZ. OSPEDAL. S. CROCE E CARLE;1;PUBBLICO;38;OTORINOLARINGOIATRIA
2014;905;AZIENDA OSP. MAGGIORE DELLA CARITA';1090501;OSP. MAGGIORE DELLA CARITA';1;PUBBLICO;48;NEFROLOGIA (ABILITATO AL TRAPIANTO DI RENE)
2014;905;AZIENDA OSP. MAGGIORE DELLA CARITA';1090501;OSP. MAGGIORE DELLA CARITA';1;PUBBLICO;13;CHIRURGIA TORACICA
2014;213;AL;1002604;OSPEDALE SAN GIACOMO NOVI;1;PUBBLICO;40;PSICHIATRIA
2014;908;AZIENDA OSP. ORDINE MAURIZIANO DI TORINO;1090800;OSPEDALE MAURIZIANO UMBERTO I - TORINO;1;PUBBLICO;64;ONCOLOGIA
2014;905;AZIENDA OSP. MAGGIORE DELLA CARITA';1090501;OSP. MAGGIORE DELLA CARITA';1;PUBBLICO;39;PEDIATRIA
2014;904;AZIENDA OSP. S.LUIGI;1090400;AZIENDA OSPEDALIERO UNIVERSITARIA S.LUIGI;1;PUBBLICO;34;OCULISTICA
2014;905;AZIENDA OSP. MAGGIORE DELLA CARITA';1090501;OSP. MAGGIORE DELLA CARITA';1;PUBBLICO;43;UROLOGIA
2014;905;AZIENDA OSP. MAGGIORE DELLA CARITA';1090501;OSP. MAGGIORE DELLA CARITA';1;PUBBLICO;12;CHIRURGIA PLASTICA
2014;907;AZIENDA OSP. S.ANTONIO BIAGIO/ARRIGO;1090701;OSP.CIVILE SS.ANTONIO E BIAGIO;1;PUBBLICO;12;CHIRURGIA PLASTICA
2014;213;AL;1002605;OSPEDALE CIVILE ACQUI;1;PUBBLICO;8;CARDIOLOGIA
2014;905;AZIENDA OSP. MAGGIORE DELLA CARITA';1090501;OSP. MAGGIORE DELLA CARITA';1;PUBBLICO;25;MEDICINA DEL LAVORO
2014;906;AZIENDA OSP. S.CROCE E CARLE;1090600;AZ. OSPEDAL. S. CROCE E CARLE;1;PUBBLICO;58;GASTROENTEROLOGIA
2014;213;AL;1002604;OSPEDALE SAN GIACOMO NOVI;1;PUBBLICO;62;NEONATOLOGIA
2014;905;AZIENDA OSP. MAGGIORE DELLA CARITA';1090501;OSP. MAGGIORE DELLA CARITA';1;PUBBLICO;58;GASTROENTEROLOGIA
2014;905;AZIENDA OSP. MAGGIORE DELLA CARITA';1090501;OSP. MAGGIORE DELLA CARITA';1;PUBBLICO;75;NEURORIABILITAZIONE
2014;905;AZIENDA OSP. MAGGIORE DELLA CARITA';1090501;OSP. MAGGIORE DELLA CARITA';1;PUBBLICO;32;NEUROLOGIA
2014;906;AZIENDA OSP. S.CROCE E CARLE;1090600;AZ. OSPEDAL. S. CROCE E CARLE;1;PUBBLICO;7;CARDIOCHIRURGIA
2014;904;AZIENDA OSP. S.LUIGI;1090400;AZIENDA OSPEDALIERO UNIVERSITARIA S.LUIGI;1;PUBBLICO;35;ODONTOIATRIA E STOMATOLOGIA
2014;906;AZIENDA OSP. S.CROCE E CARLE;1090600;AZ. OSPEDAL. S. CROCE E CARLE;1;PUBBLICO;8;CARDIOLOGIA
2014;905;AZIENDA OSP. MAGGIORE DELLA CARITA';1090501;OSP. MAGGIORE DELLA CARITA';1;PUBBLICO;52;DERMATOLOGIA
2014;906;AZIENDA OSP. S.CROCE E CARLE;1090600;AZ. OSPEDAL. S. CROCE E CARLE;1;PUBBLICO;64;ONCOLOGIA
2014;213;AL;1002605;OSPEDALE CIVILE ACQUI;1;PUBBLICO;34;OCULISTICA
2014;906;AZIENDA OSP. S.CROCE E CARLE;1090600;AZ. OSPEDAL. S. CROCE E CARLE;1;PUBBLICO;24;MALATTIE INFETTIVE E TROPICALI
2014;905;AZIENDA OSP. MAGGIORE DELLA CARITA';1090501;OSP. MAGGIORE DELLA CARITA';1;PUBBLICO;73;TERAPIA INTENSIVA NEONATALE
2014;213;AL;1002605;OSPEDALE CIVILE ACQUI;1;PUBBLICO;31;NIDO
2014;907;AZIENDA OSP. S.ANTONIO BIAGIO/ARRIGO;1090701;OSP.CIVILE SS.ANTONIO E BIAGIO;1;PUBBLICO;61;MEDICINA NUCLEARE
2014;213;AL;1002604;OSPEDALE SAN GIACOMO NOVI;1;PUBBLICO;29;NEFROLOGIA
2014;905;AZIENDA OSP. MAGGIORE DELLA CARITA';1090501;OSP. MAGGIORE DELLA CARITA';1;PUBBLICO;64;ONCOLOGIA
2014;906;AZIENDA OSP. S.CROCE E CARLE;1090600;AZ. OSPEDAL. S. CROCE E CARLE;1;PUBBLICO;70;RADIOTERAPIA
2014;906;AZIENDA OSP. S.CROCE E CARLE;1090600;AZ. OSPEDAL. S. CROCE E CARLE;1;PUBBLICO;14;CHIRURGIA VASCOLARE
2014;904;AZIENDA OSP. S.LUIGI;1090400;AZIENDA OSPEDALIERO UNIVERSITARIA S.LUIGI;1;PUBBLICO;43;UROLOGIA
2014;906;AZIENDA OSP. S.CROCE E CARLE;1090600;AZ. OSPEDAL. S. CROCE E CARLE;1;PUBBLICO;97;DETENUTI
2014;905;AZIENDA OSP. MAGGIORE DELLA CARITA';1090501;OSP. MAGGIORE DELLA CARITA';1;PUBBLICO;62;NEONATOLOGIA
2014;907;AZIENDA OSP. S.ANTONIO BIAGIO/ARRIGO;1090701;OSP.CIVILE SS.ANTONIO E BIAGIO;1;PUBBLICO;14;CHIRURGIA VASCOLARE
2014;213;AL;1002605;OSPEDALE CIVILE ACQUI;1;PUBBLICO;98;DAY SURGERY(MULTISPECIALISTICO)
2014;906;AZIENDA OSP. S.CROCE E CARLE;1090600;AZ. OSPEDAL. S. CROCE E CARLE;1;PUBBLICO;30;NEUROCHIRURGIA
2014;907;AZIENDA OSP. S.ANTONIO BIAGIO/ARRIGO;1090702;OSP. INFANTILE C.ARRIGO;1;PUBBLICO;38;OTORINOLARINGOIATRIA
2014;906;AZIENDA OSP. S.CROCE E CARLE;1090600;AZ. OSPEDAL. S. CROCE E CARLE;1;PUBBLICO;13;CHIRURGIA TORACICA
2014;906;AZIENDA OSP. S.CROCE E CARLE;1090600;AZ. OSPEDAL. S. CROCE E CARLE;1;PUBBLICO;36;ORTOPEDIA E TRAUMATOLOGIA
2014;904;AZIENDA OSP. S.LUIGI;1090400;AZIENDA OSPEDALIERO UNIVERSITARIA S.LUIGI;1;PUBBLICO;38;OTORINOLARINGOIATRIA
2014;213;AL;1002604;OSPEDALE SAN GIACOMO NOVI;1;PUBBLICO;37;OSTETRICIA E GINECOLOGIA
2014;907;AZIENDA OSP. S.ANTONIO BIAGIO/ARRIGO;1090702;OSP. INFANTILE C.ARRIGO;1;PUBBLICO;49;TERAPIA INTENSIVA
2014;906;AZIENDA OSP. S.CROCE E CARLE;1090600;AZ. OSPEDAL. S. CROCE E CARLE;1;PUBBLICO;19;MALATTIE ENDOCRINE, DEL RICAMBIO E DELLA NUTRIZIONE
2014;213;AL;1002606;OSPEDALE CIVILE OVADA;1;PUBBLICO;9;CHIRURGIA GENERALE
2014;906;AZIENDA OSP. S.CROCE E CARLE;1090600;AZ. OSPEDAL. S. CROCE E CARLE;1;PUBBLICO;60;LUNGODEGENTI
2014;904;AZIENDA OSP. S.LUIGI;1090400;AZIENDA OSPEDALIERO UNIVERSITARIA S.LUIGI;1;PUBBLICO;68;PNEUMOLOGIA
2014;906;AZIENDA OSP. S.CROCE E CARLE;1090600;AZ. OSPEDAL. S. CROCE E CARLE;1;PUBBLICO;34;OCULISTICA
2014;907;AZIENDA OSP. S.ANTONIO BIAGIO/ARRIGO;1090701;OSP.CIVILE SS.ANTONIO E BIAGIO;1;PUBBLICO;9;CHIRURGIA GENERALE
2014;907;AZIENDA OSP. S.ANTONIO BIAGIO/ARRIGO;1090701;OSP.CIVILE SS.ANTONIO E BIAGIO;1;PUBBLICO;38;OTORINOLARINGOIATRIA
2014;906;AZIENDA OSP. S.CROCE E CARLE;1090600;AZ. OSPEDAL. S. CROCE E CARLE;1;PUBBLICO;50;UNITA' CORONARICA
2014;906;AZIENDA OSP. S.CROCE E CARLE;1090600;AZ. OSPEDAL. S. CROCE E CARLE;1;PUBBLICO;21;GERIATRIA
2014;904;AZIENDA OSP. S.LUIGI;1090400;AZIENDA OSPEDALIERO UNIVERSITARIA S.LUIGI;1;PUBBLICO;75;NEURORIABILITAZIONE
2014;213;AL;1002604;OSPEDALE SAN GIACOMO NOVI;1;PUBBLICO;49;TERAPIA INTENSIVA
2014;908;AZIENDA OSP. ORDINE MAURIZIANO DI TORINO;1090800;OSPEDALE MAURIZIANO UMBERTO I - TORINO;1;PUBBLICO;18;EMATOLOGIA
2014;906;AZIENDA OSP. S.CROCE E CARLE;1090600;AZ. OSPEDAL. S. CROCE E CARLE;1;PUBBLICO;68;PNEUMOLOGIA
2014;905;AZIENDA OSP. MAGGIORE DELLA CARITA';1090501;OSP. MAGGIORE DELLA CARITA';1;PUBBLICO;37;OSTETRICIA E GINECOLOGIA
2014;904;AZIENDA OSP. S.LUIGI;1090400;AZIENDA OSPEDALIERO UNIVERSITARIA S.LUIGI;1;PUBBLICO;56;RECUPERO E RIABILITAZIONE FUNZIONALE
2014;906;AZIENDA OSP. S.CROCE E CARLE;1090600;AZ. OSPEDAL. S. CROCE E CARLE;1;PUBBLICO;67;PENSIONANTI
2014;907;AZIENDA OSP. S.ANTONIO BIAGIO/ARRIGO;1090701;OSP.CIVILE SS.ANTONIO E BIAGIO;1;PUBBLICO;43;UROLOGIA
2014;906;AZIENDA OSP. S.CROCE E CARLE;1090600;AZ. OSPEDAL. S. CROCE E CARLE;1;PUBBLICO;39;PEDIATRIA
2014;907;AZIENDA OSP. S.ANTONIO BIAGIO/ARRIGO;1090703;CENTRO RIABILITATIVO POLIFUNZIONALE T.BORSALINO;1;PUBBLICO;28;UNITA' SPINALE
2014;906;AZIENDA OSP. S.CROCE E CARLE;1090600;AZ. OSPEDAL. S. CROCE E CARLE;1;PUBBLICO;73;TERAPIA INTENSIVA NEONATALE
2014;906;AZIENDA OSP. S.CROCE E CARLE;1090600;AZ. OSPEDAL. S. CROCE E CARLE;1;PUBBLICO;35;ODONTOIATRIA E STOMATOLOGIA
2014;904;AZIENDA OSP. S.LUIGI;1090400;AZIENDA OSPEDALIERO UNIVERSITARIA S.LUIGI;1;PUBBLICO;98;DAY SURGERY(MULTISPECIALISTICO)
2014;213;AL;1002604;OSPEDALE SAN GIACOMO NOVI;1;PUBBLICO;68;PNEUMOLOGIA
2014;908;AZIENDA OSP. ORDINE MAURIZIANO DI TORINO;1090800;OSPEDALE MAURIZIANO UMBERTO I - TORINO;1;PUBBLICO;60;LUNGODEGENTI
2014;908;AZIENDA OSP. ORDINE MAURIZIANO DI TORINO;1090800;OSPEDALE MAURIZIANO UMBERTO I - TORINO;1;PUBBLICO;31;NIDO
2014;908;AZIENDA OSP. ORDINE MAURIZIANO DI TORINO;1090800;OSPEDALE MAURIZIANO UMBERTO I - TORINO;1;PUBBLICO;61;MEDICINA NUCLEARE
2014;906;AZIENDA OSP. S.CROCE E CARLE;1090600;AZ. OSPEDAL. S. CROCE E CARLE;1;PUBBLICO;52;DERMATOLOGIA
2014;906;AZIENDA OSP. S.CROCE E CARLE;1090600;AZ. OSPEDAL. S. CROCE E CARLE;1;PUBBLICO;49;TERAPIA INTENSIVA
2014;904;AZIENDA OSP. S.LUIGI;1090400;AZIENDA OSPEDALIERO UNIVERSITARIA S.LUIGI;1;PUBBLICO;58;GASTROENTEROLOGIA
2014;907;AZIENDA OSP. S.ANTONIO BIAGIO/ARRIGO;1090701;OSP.CIVILE SS.ANTONIO E BIAGIO;1;PUBBLICO;67;PENSIONANTI
2014;907;AZIENDA OSP. S.ANTONIO BIAGIO/ARRIGO;1090701;OSP.CIVILE SS.ANTONIO E BIAGIO;1;PUBBLICO;7;CARDIOCHIRURGIA
2014;907;AZIENDA OSP. S.ANTONIO BIAGIO/ARRIGO;1090701;OSP.CIVILE SS.ANTONIO E BIAGIO;1;PUBBLICO;29;NEFROLOGIA
2014;905;AZIENDA OSP. MAGGIORE DELLA CARITA';1090501;OSP. MAGGIORE DELLA CARITA';1;PUBBLICO;19;MALATTIE ENDOCRINE, DEL RICAMBIO E DELLA NUTRIZIONE
2014;908;AZIENDA OSP. ORDINE MAURIZIANO DI TORINO;1090800;OSPEDALE MAURIZIANO UMBERTO I - TORINO;1;PUBBLICO;68;PNEUMOLOGIA
2014;905;AZIENDA OSP. MAGGIORE DELLA CARITA';1090501;OSP. MAGGIORE DELLA CARITA';1;PUBBLICO;28;UNITA' SPINALE
2014;908;AZIENDA OSP. ORDINE MAURIZIANO DI TORINO;1090800;OSPEDALE MAURIZIANO UMBERTO I - TORINO;1;PUBBLICO;62;NEONATOLOGIA
2014;907;AZIENDA OSP. S.ANTONIO BIAGIO/ARRIGO;1090701;OSP.CIVILE SS.ANTONIO E BIAGIO;1;PUBBLICO;37;OSTETRICIA E GINECOLOGIA
2014;213;AL;1002606;OSPEDALE CIVILE OVADA;1;PUBBLICO;38;OTORINOLARINGOIATRIA
2014;908;AZIENDA OSP. ORDINE MAURIZIANO DI TORINO;1090800;OSPEDALE MAURIZIANO UMBERTO I - TORINO;1;PUBBLICO;32;NEUROLOGIA
2014;907;AZIENDA OSP. S.ANTONIO BIAGIO/ARRIGO;1090701;OSP.CIVILE SS.ANTONIO E BIAGIO;1;PUBBLICO;21;GERIATRIA
2014;904;AZIENDA OSP. S.LUIGI;1090400;AZIENDA OSPEDALIERO UNIVERSITARIA S.LUIGI;1;PUBBLICO;60;LUNGODEGENTI
2014;905;AZIENDA OSP. MAGGIORE DELLA CARITA';1090501;OSP. MAGGIORE DELLA CARITA';1;PUBBLICO;7;CARDIOCHIRURGIA
2014;907;AZIENDA OSP. S.ANTONIO BIAGIO/ARRIGO;1090701;OSP.CIVILE SS.ANTONIO E BIAGIO;1;PUBBLICO;97;DETENUTI
2014;908;AZIENDA OSP. ORDINE MAURIZIANO DI TORINO;1090800;OSPEDALE MAURIZIANO UMBERTO I - TORINO;1;PUBBLICO;29;NEFROLOGIA
2014;907;AZIENDA OSP. S.ANTONIO BIAGIO/ARRIGO;1090701;OSP.CIVILE SS.ANTONIO E BIAGIO;1;PUBBLICO;52;DERMATOLOGIA
2014;907;AZIENDA OSP. S.ANTONIO BIAGIO/ARRIGO;1090701;OSP.CIVILE SS.ANTONIO E BIAGIO;1;PUBBLICO;58;GASTROENTEROLOGIA
2014;905;AZIENDA OSP. MAGGIORE DELLA CARITA';1090501;OSP. MAGGIORE DELLA CARITA';1;PUBBLICO;56;RECUPERO E RIABILITAZIONE FUNZIONALE
2014;907;AZIENDA OSP. S.ANTONIO BIAGIO/ARRIGO;1090701;OSP.CIVILE SS.ANTONIO E BIAGIO;1;PUBBLICO;49;TERAPIA INTENSIVA
2014;907;AZIENDA OSP. S.ANTONIO BIAGIO/ARRIGO;1090701;OSP.CIVILE SS.ANTONIO E BIAGIO;1;PUBBLICO;64;ONCOLOGIA
2014;906;AZIENDA OSP. S.CROCE E CARLE;1090600;AZ. OSPEDAL. S. CROCE E CARLE;1;PUBBLICO;2;DAY HOSPITAL (MULTISPECIALISTICO)
2014;905;AZIENDA OSP. MAGGIORE DELLA CARITA';1090501;OSP. MAGGIORE DELLA CARITA';1;PUBBLICO;29;NEFROLOGIA
2014;908;AZIENDA OSP. ORDINE MAURIZIANO DI TORINO;1090800;OSPEDALE MAURIZIANO UMBERTO I - TORINO;1;PUBBLICO;38;OTORINOLARINGOIATRIA
2014;904;AZIENDA OSP. S.LUIGI;1090400;AZIENDA OSPEDALIERO UNIVERSITARIA S.LUIGI;1;PUBBLICO;67;PENSIONANTI
2014;905;AZIENDA OSP. MAGGIORE DELLA CARITA';1090501;OSP. MAGGIORE DELLA CARITA';1;PUBBLICO;67;PENSIONANTI
2014;908;AZIENDA OSP. ORDINE MAURIZIANO DI TORINO;1090800;OSPEDALE MAURIZIANO UMBERTO I - TORINO;1;PUBBLICO;8;CARDIOLOGIA
2014;908;AZIENDA OSP. ORDINE MAURIZIANO DI TORINO;1090800;OSPEDALE MAURIZIANO UMBERTO I - TORINO;1;PUBBLICO;73;TERAPIA INTENSIVA NEONATALE
2014;907;AZIENDA OSP. S.ANTONIO BIAGIO/ARRIGO;1090702;OSP. INFANTILE C.ARRIGO;1;PUBBLICO;39;PEDIATRIA
2014;907;AZIENDA OSP. S.ANTONIO BIAGIO/ARRIGO;1090702;OSP. INFANTILE C.ARRIGO;1;PUBBLICO;36;ORTOPEDIA E TRAUMATOLOGIA
2014;907;AZIENDA OSP. S.ANTONIO BIAGIO/ARRIGO;1090701;OSP.CIVILE SS.ANTONIO E BIAGIO;1;PUBBLICO;50;UNITA' CORONARICA
2014;213;AL;1002605;OSPEDALE CIVILE ACQUI;1;PUBBLICO;2;DAY HOSPITAL (MULTISPECIALISTICO)
2014;907;AZIENDA OSP. S.ANTONIO BIAGIO/ARRIGO;1090702;OSP. INFANTILE C.ARRIGO;1;PUBBLICO;33;NEUROPSICHIATRIA INFANTILE
2014;907;AZIENDA OSP. S.ANTONIO BIAGIO/ARRIGO;1090701;OSP.CIVILE SS.ANTONIO E BIAGIO;1;PUBBLICO;8;CARDIOLOGIA
2014;906;AZIENDA OSP. S.CROCE E CARLE;1090600;AZ. OSPEDAL. S. CROCE E CARLE;1;PUBBLICO;18;EMATOLOGIA
2014;905;AZIENDA OSP. MAGGIORE DELLA CARITA';1090501;OSP. MAGGIORE DELLA CARITA';1;PUBBLICO;8;CARDIOLOGIA
2014;907;AZIENDA OSP. S.ANTONIO BIAGIO/ARRIGO;1090702;OSP. INFANTILE C.ARRIGO;1;PUBBLICO;73;TERAPIA INTENSIVA NEONATALE
2014;905;AZIENDA OSP. MAGGIORE DELLA CARITA';1090502;OSPEDALE SAN ROCCO GALLIATE;1;PUBBLICO;34;OCULISTICA
2014;908;AZIENDA OSP. ORDINE MAURIZIANO DI TORINO;1090800;OSPEDALE MAURIZIANO UMBERTO I - TORINO;1;PUBBLICO;7;CARDIOCHIRURGIA
2014;907;AZIENDA OSP. S.ANTONIO BIAGIO/ARRIGO;1090701;OSP.CIVILE SS.ANTONIO E BIAGIO;1;PUBBLICO;24;MALATTIE INFETTIVE E TROPICALI
2014;906;AZIENDA OSP. S.CROCE E CARLE;1090600;AZ. OSPEDAL. S. CROCE E CARLE;1;PUBBLICO;43;UROLOGIA
2014;904;AZIENDA OSP. S.LUIGI;1090400;AZIENDA OSPEDALIERO UNIVERSITARIA S.LUIGI;1;PUBBLICO;37;OSTETRICIA E GINECOLOGIA
2014;907;AZIENDA OSP. S.ANTONIO BIAGIO/ARRIGO;1090702;OSP. INFANTILE C.ARRIGO;1;PUBBLICO;67;PENSIONANTI
2014;905;AZIENDA OSP. MAGGIORE DELLA CARITA';1090501;OSP. MAGGIORE DELLA CARITA';1;PUBBLICO;18;EMATOLOGIA
2014;908;AZIENDA OSP. ORDINE MAURIZIANO DI TORINO;1090800;OSPEDALE MAURIZIANO UMBERTO I - TORINO;1;PUBBLICO;49;TERAPIA INTENSIVA
2014;908;AZIENDA OSP. ORDINE MAURIZIANO DI TORINO;1090800;OSPEDALE MAURIZIANO UMBERTO I - TORINO;1;PUBBLICO;9;CHIRURGIA GENERALE
2014;907;AZIENDA OSP. S.ANTONIO BIAGIO/ARRIGO;1090701;OSP.CIVILE SS.ANTONIO E BIAGIO;1;PUBBLICO;34;OCULISTICA
2014;906;AZIENDA OSP. S.CROCE E CARLE;1090600;AZ. OSPEDAL. S. CROCE E CARLE;1;PUBBLICO;31;NIDO
2014;907;AZIENDA OSP. S.ANTONIO BIAGIO/ARRIGO;1090701;OSP.CIVILE SS.ANTONIO E BIAGIO;1;PUBBLICO;36;ORTOPEDIA E TRAUMATOLOGIA
2014;906;AZIENDA OSP. S.CROCE E CARLE;1090600;AZ. OSPEDAL. S. CROCE E CARLE;1;PUBBLICO;71;REUMATOLOGIA
2014;907;AZIENDA OSP. S.ANTONIO BIAGIO/ARRIGO;1090701;OSP.CIVILE SS.ANTONIO E BIAGIO;1;PUBBLICO;40;PSICHIATRIA
2014;908;AZIENDA OSP. ORDINE MAURIZIANO DI TORINO;1090800;OSPEDALE MAURIZIANO UMBERTO I - TORINO;1;PUBBLICO;26;MEDICINA GENERALE
2014;908;AZIENDA OSP. ORDINE MAURIZIANO DI TORINO;1090800;OSPEDALE MAURIZIANO UMBERTO I - TORINO;1;PUBBLICO;50;UNITA' CORONARICA
2014;904;AZIENDA OSP. S.LUIGI;1090400;AZIENDA OSPEDALIERO UNIVERSITARIA S.LUIGI;1;PUBBLICO;40;PSICHIATRIA
2014;907;AZIENDA OSP. S.ANTONIO BIAGIO/ARRIGO;1090702;OSP. INFANTILE C.ARRIGO;1;PUBBLICO;78;UROLOGIA PEDIATRICA
2014;906;AZIENDA OSP. S.CROCE E CARLE;1090600;AZ. OSPEDAL. S. CROCE E CARLE;1;PUBBLICO;62;NEONATOLOGIA
2014;908;AZIENDA OSP. ORDINE MAURIZIANO DI TORINO;1090800;OSPEDALE MAURIZIANO UMBERTO I - TORINO;1;PUBBLICO;14;CHIRURGIA VASCOLARE
2014;909;AO CITTA' DELLA SALUTE E DELLA SCIENZA DI TORINO;1090901;OSPEDALE SAN GIOVANNI BATTISTA MOLINETTE;1;PUBBLICO;7;CARDIOCHIRURGIA
2014;907;AZIENDA OSP. S.ANTONIO BIAGIO/ARRIGO;1090701;OSP.CIVILE SS.ANTONIO E BIAGIO;1;PUBBLICO;10;CHIRURGIA MAXILLO FACCIALE
2014;905;AZIENDA OSP. MAGGIORE DELLA CARITA';1090501;OSP. MAGGIORE DELLA CARITA';1;PUBBLICO;14;CHIRURGIA VASCOLARE
2014;908;AZIENDA OSP. ORDINE MAURIZIANO DI TORINO;1090800;OSPEDALE MAURIZIANO UMBERTO I - TORINO;1;PUBBLICO;40;PSICHIATRIA
2014;907;AZIENDA OSP. S.ANTONIO BIAGIO/ARRIGO;1090701;OSP.CIVILE SS.ANTONIO E BIAGIO;1;PUBBLICO;13;CHIRURGIA TORACICA
2014;908;AZIENDA OSP. ORDINE MAURIZIANO DI TORINO;1090800;OSPEDALE MAURIZIANO UMBERTO I - TORINO;1;PUBBLICO;37;OSTETRICIA E GINECOLOGIA
2014;907;AZIENDA OSP. S.ANTONIO BIAGIO/ARRIGO;1090701;OSP.CIVILE SS.ANTONIO E BIAGIO;1;PUBBLICO;2;DAY HOSPITAL (MULTISPECIALISTICO)
2014;905;AZIENDA OSP. MAGGIORE DELLA CARITA';1090501;OSP. MAGGIORE DELLA CARITA';1;PUBBLICO;31;NIDO
2014;907;AZIENDA OSP. S.ANTONIO BIAGIO/ARRIGO;1090701;OSP.CIVILE SS.ANTONIO E BIAGIO;1;PUBBLICO;19;MALATTIE ENDOCRINE, DEL RICAMBIO E DELLA NUTRIZIONE
2014;908;AZIENDA OSP. ORDINE MAURIZIANO DI TORINO;1090800;OSPEDALE MAURIZIANO UMBERTO I - TORINO;1;PUBBLICO;75;NEURORIABILITAZIONE
2014;907;AZIENDA OSP. S.ANTONIO BIAGIO/ARRIGO;1090701;OSP.CIVILE SS.ANTONIO E BIAGIO;1;PUBBLICO;32;NEUROLOGIA
2014;905;AZIENDA OSP. MAGGIORE DELLA CARITA';1090501;OSP. MAGGIORE DELLA CARITA';1;PUBBLICO;38;OTORINOLARINGOIATRIA
2014;907;AZIENDA OSP. S.ANTONIO BIAGIO/ARRIGO;1090701;OSP.CIVILE SS.ANTONIO E BIAGIO;1;PUBBLICO;26;MEDICINA GENERALE
2014;907;AZIENDA OSP. S.ANTONIO BIAGIO/ARRIGO;1090701;OSP.CIVILE SS.ANTONIO E BIAGIO;1;PUBBLICO;30;NEUROCHIRURGIA
2014;909;AO CITTA' DELLA SALUTE E DELLA SCIENZA DI TORINO;1090901;OSPEDALE SAN GIOVANNI BATTISTA MOLINETTE;1;PUBBLICO;9;CHIRURGIA GENERALE
2014;907;AZIENDA OSP. S.ANTONIO BIAGIO/ARRIGO;1090701;OSP.CIVILE SS.ANTONIO E BIAGIO;1;PUBBLICO;60;LUNGODEGENTI
2014;905;AZIENDA OSP. MAGGIORE DELLA CARITA';1090501;OSP. MAGGIORE DELLA CARITA';1;PUBBLICO;50;UNITA' CORONARICA
2014;907;AZIENDA OSP. S.ANTONIO BIAGIO/ARRIGO;1090702;OSP. INFANTILE C.ARRIGO;1;PUBBLICO;11;CHIRURGIA PEDIATRICA
2014;907;AZIENDA OSP. S.ANTONIO BIAGIO/ARRIGO;1090701;OSP.CIVILE SS.ANTONIO E BIAGIO;1;PUBBLICO;71;REUMATOLOGIA
2014;908;AZIENDA OSP. ORDINE MAURIZIANO DI TORINO;1090800;OSPEDALE MAURIZIANO UMBERTO I - TORINO;1;PUBBLICO;43;UROLOGIA
2014;905;AZIENDA OSP. MAGGIORE DELLA CARITA';1090501;OSP. MAGGIORE DELLA CARITA';1;PUBBLICO;68;PNEUMOLOGIA
2014;907;AZIENDA OSP. S.ANTONIO BIAGIO/ARRIGO;1090702;OSP. INFANTILE C.ARRIGO;1;PUBBLICO;98;DAY SURGERY(MULTISPECIALISTICO)
2014;907;AZIENDA OSP. S.ANTONIO BIAGIO/ARRIGO;1090702;OSP. INFANTILE C.ARRIGO;1;PUBBLICO;31;NIDO
2014;909;AO CITTA' DELLA SALUTE E DELLA SCIENZA DI TORINO;1090901;OSPEDALE SAN GIOVANNI BATTISTA MOLINETTE;1;PUBBLICO;8;CARDIOLOGIA
2014;906;AZIENDA OSP. S.CROCE E CARLE;1090600;AZ. OSPEDAL. S. CROCE E CARLE;1;PUBBLICO;12;CHIRURGIA PLASTICA
2014;908;AZIENDA OSP. ORDINE MAURIZIANO DI TORINO;1090800;OSPEDALE MAURIZIANO UMBERTO I - TORINO;1;PUBBLICO;12;CHIRURGIA PLASTICA
2014;907;AZIENDA OSP. S.ANTONIO BIAGIO/ARRIGO;1090703;CENTRO RIABILITATIVO POLIFUNZIONALE T.BORSALINO;1;PUBBLICO;56;RECUPERO E RIABILITAZIONE FUNZIONALE
2014;906;AZIENDA OSP. S.CROCE E CARLE;1090600;AZ. OSPEDAL. S. CROCE E CARLE;1;PUBBLICO;26;MEDICINA GENERALE
2014;908;AZIENDA OSP. ORDINE MAURIZIANO DI TORINO;1090800;OSPEDALE MAURIZIANO UMBERTO I - TORINO;1;PUBBLICO;35;ODONTOIATRIA E STOMATOLOGIA
2014;908;AZIENDA OSP. ORDINE MAURIZIANO DI TORINO;1090800;OSPEDALE MAURIZIANO UMBERTO I - TORINO;1;PUBBLICO;34;OCULISTICA
2014;907;AZIENDA OSP. S.ANTONIO BIAGIO/ARRIGO;1090701;OSP.CIVILE SS.ANTONIO E BIAGIO;1;PUBBLICO;18;EMATOLOGIA
2014;908;AZIENDA OSP. ORDINE MAURIZIANO DI TORINO;1090800;OSPEDALE MAURIZIANO UMBERTO I - TORINO;1;PUBBLICO;39;PEDIATRIA
2014;907;AZIENDA OSP. S.ANTONIO BIAGIO/ARRIGO;1090701;OSP.CIVILE SS.ANTONIO E BIAGIO;1;PUBBLICO;68;PNEUMOLOGIA
2014;907;AZIENDA OSP. S.ANTONIO BIAGIO/ARRIGO;1090703;CENTRO RIABILITATIVO POLIFUNZIONALE T.BORSALINO;1;PUBBLICO;75;NEURORIABILITAZIONE
2014;908;AZIENDA OSP. ORDINE MAURIZIANO DI TORINO;1090800;OSPEDALE MAURIZIANO UMBERTO I - TORINO;1;PUBBLICO;58;GASTROENTEROLOGIA
2014;908;AZIENDA OSP. ORDINE MAURIZIANO DI TORINO;1090800;OSPEDALE MAURIZIANO UMBERTO I - TORINO;1;PUBBLICO;19;MALATTIE ENDOCRINE, DEL RICAMBIO E DELLA NUTRIZIONE
2014;908;AZIENDA OSP. ORDINE MAURIZIANO DI TORINO;1090800;OSPEDALE MAURIZIANO UMBERTO I - TORINO;1;PUBBLICO;71;REUMATOLOGIA
2014;909;AO CITTA' DELLA SALUTE E DELLA SCIENZA DI TORINO;1090901;OSPEDALE SAN GIOVANNI BATTISTA MOLINETTE;1;PUBBLICO;1;ALLERGOLOGIA
2014;909;AO CITTA' DELLA SALUTE E DELLA SCIENZA DI TORINO;1090901;OSPEDALE SAN GIOVANNI BATTISTA MOLINETTE;1;PUBBLICO;35;ODONTOIATRIA E STOMATOLOGIA
2014;909;AO CITTA' DELLA SALUTE E DELLA SCIENZA DI TORINO;1090904;OSPEDALE CENTRO TRAUMATOLOGICO ORTOPEDICO;1;PUBBLICO;12;CHIRURGIA PLASTICA
2014;909;AO CITTA' DELLA SALUTE E DELLA SCIENZA DI TORINO;1090901;OSPEDALE SAN GIOVANNI BATTISTA MOLINETTE;1;PUBBLICO;49;TERAPIA INTENSIVA
2014;909;AO CITTA' DELLA SALUTE E DELLA SCIENZA DI TORINO;1090901;OSPEDALE SAN GIOVANNI BATTISTA MOLINETTE;1;PUBBLICO;14;CHIRURGIA VASCOLARE
2014;909;AO CITTA' DELLA SALUTE E DELLA SCIENZA DI TORINO;1090904;OSPEDALE CENTRO TRAUMATOLOGICO ORTOPEDICO;1;PUBBLICO;28;UNITA' SPINALE
2014;909;AO CITTA' DELLA SALUTE E DELLA SCIENZA DI TORINO;1090905;ISTITUTO CHIRURGICO ORTOPEDICO REGINA MARIA ADELAIDE;1;PUBBLICO;36;ORTOPEDIA E TRAUMATOLOGIA
2014;909;AO CITTA' DELLA SALUTE E DELLA SCIENZA DI TORINO;1090907;OSPEDALE INFANTANTILE REGINA MARGHERITA;1;PUBBLICO;19;MALATTIE ENDOCRINE, DEL RICAMBIO E DELLA NUTRIZIONE
2014;909;AO CITTA' DELLA SALUTE E DELLA SCIENZA DI TORINO;1090907;OSPEDALE INFANTANTILE REGINA MARGHERITA;1;PUBBLICO;68;PNEUMOLOGIA
2014;922;IRCC - ISTITUTO CANDIOLO (dal 06/04/2013);1092200;FONDAZIONE DEL PIEMONTE PER L'ONCOLOGIA;1;PUBBLICO;9;CHIRURGIA GENERALE
2014;909;AO CITTA' DELLA SALUTE E DELLA SCIENZA DI TORINO;1090906;OSPEDALE OSTETRICO GINECOLOGICO SANT'ANNA;1;PUBBLICO;37;OSTETRICIA E GINECOLOGIA
2014;909;AO CITTA' DELLA SALUTE E DELLA SCIENZA DI TORINO;1090901;OSPEDALE SAN GIOVANNI BATTISTA MOLINETTE;1;PUBBLICO;36;ORTOPEDIA E TRAUMATOLOGIA
2014;201;TO 1;1061200;CASA DI CURA KOELLIKER OSPEDALINO;2;PRIVATO;9;CHIRURGIA GENERALE
2014;201;TO 1;1065500;CASA DI CURA CELLINI;2;PRIVATO;38;OTORINOLARINGOIATRIA
2014;909;AO CITTA' DELLA SALUTE E DELLA SCIENZA DI TORINO;1090904;OSPEDALE CENTRO TRAUMATOLOGICO ORTOPEDICO;1;PUBBLICO;30;NEUROCHIRURGIA
2014;909;AO CITTA' DELLA SALUTE E DELLA SCIENZA DI TORINO;1090901;OSPEDALE SAN GIOVANNI BATTISTA MOLINETTE;1;PUBBLICO;38;OTORINOLARINGOIATRIA
2014;204;TO 4;1062200;SANTA CROCE SRL;2;PRIVATO;60;LUNGODEGENTI
2014;202;TO 2;1061100;VILLA MARIA PIA HOSPITAL;2;PRIVATO;7;CARDIOCHIRURGIA
2014;909;AO CITTA' DELLA SALUTE E DELLA SCIENZA DI TORINO;1090901;OSPEDALE SAN GIOVANNI BATTISTA MOLINETTE;1;PUBBLICO;43;UROLOGIA
2014;909;AO CITTA' DELLA SALUTE E DELLA SCIENZA DI TORINO;1090904;OSPEDALE CENTRO TRAUMATOLOGICO ORTOPEDICO;1;PUBBLICO;56;RECUPERO E RIABILITAZIONE FUNZIONALE
2014;205;TO 5;1066100;POLICLINICO SAN LUCA S.R.L.;2;PRIVATO;98;DAY SURGERY(MULTISPECIALISTICO)
2014;202;TO 2;1061100;VILLA MARIA PIA HOSPITAL;2;PRIVATO;56;RECUPERO E RIABILITAZIONE FUNZIONALE
2014;909;AO CITTA' DELLA SALUTE E DELLA SCIENZA DI TORINO;1090901;OSPEDALE SAN GIOVANNI BATTISTA MOLINETTE;1;PUBBLICO;48;NEFROLOGIA (ABILITATO AL TRAPIANTO DI RENE)
2014;909;AO CITTA' DELLA SALUTE E DELLA SCIENZA DI TORINO;1090904;OSPEDALE CENTRO TRAUMATOLOGICO ORTOPEDICO;1;PUBBLICO;67;PENSIONANTI
2014;909;AO CITTA' DELLA SALUTE E DELLA SCIENZA DI TORINO;1090904;OSPEDALE CENTRO TRAUMATOLOGICO ORTOPEDICO;1;PUBBLICO;49;TERAPIA INTENSIVA
2014;207;BI;1065600;POLICLINICO DI MONZA S.P.A. PRESIDIO CLINICA LA VIALARDA;2;PRIVATO;8;CARDIOLOGIA
2014;909;AO CITTA' DELLA SALUTE E DELLA SCIENZA DI TORINO;1090902;OSPEDALE DERMATOLOGICO SAN LAZZARO;1;PUBBLICO;12;CHIRURGIA PLASTICA
2014;203;TO 3;1061500;CASA DI CURA VILLA PATRIZIA - S.R.L.;2;PRIVATO;56;RECUPERO E RIABILITAZIONE FUNZIONALE
2014;909;AO CITTA' DELLA SALUTE E DELLA SCIENZA DI TORINO;1090905;ISTITUTO CHIRURGICO ORTOPEDICO REGINA MARIA ADELAIDE;1;PUBBLICO;49;TERAPIA INTENSIVA
2014;920;ISTITUTO AUXOLOGICO ITALIANO;1092000;CENTRO AUXOLOGICO ITALIANO;1;PUBBLICO;56;RECUPERO E RIABILITAZIONE FUNZIONALE
2014;208;NO;1062800;POLICLINICO DI MONZA SPA;2;PRIVATO;8;CARDIOLOGIA
2014;909;AO CITTA' DELLA SALUTE E DELLA SCIENZA DI TORINO;1090904;OSPEDALE CENTRO TRAUMATOLOGICO ORTOPEDICO;1;PUBBLICO;8;CARDIOLOGIA
2014;204;TO 4;1064400;VILLA GRAZIA SRL;2;PRIVATO;60;LUNGODEGENTI
2014;909;AO CITTA' DELLA SALUTE E DELLA SCIENZA DI TORINO;1090905;ISTITUTO CHIRURGICO ORTOPEDICO REGINA MARIA ADELAIDE;1;PUBBLICO;98;DAY SURGERY(MULTISPECIALISTICO)
2014;921;FONDAZIONE SALVATORE MAUGERI;1092100;FONDAZIONE SALVATORE MAUGERI;1;PUBBLICO;56;RECUPERO E RIABILITAZIONE FUNZIONALE
2014;206;VC;1062600;POLICLINICO DI MONZA SPA;2;PRIVATO;34;OCULISTICA
2014;909;AO CITTA' DELLA SALUTE E DELLA SCIENZA DI TORINO;1090901;OSPEDALE SAN GIOVANNI BATTISTA MOLINETTE;1;PUBBLICO;10;CHIRURGIA MAXILLO FACCIALE
2014;909;AO CITTA' DELLA SALUTE E DELLA SCIENZA DI TORINO;1090904;OSPEDALE CENTRO TRAUMATOLOGICO ORTOPEDICO;1;PUBBLICO;36;ORTOPEDIA E TRAUMATOLOGIA
2014;909;AO CITTA' DELLA SALUTE E DELLA SCIENZA DI TORINO;1090907;OSPEDALE INFANTANTILE REGINA MARGHERITA;1;PUBBLICO;18;EMATOLOGIA
2014;921;FONDAZIONE SALVATORE MAUGERI;1092100;FONDAZIONE SALVATORE MAUGERI;1;PUBBLICO;75;NEURORIABILITAZIONE
2014;206;VC;1062600;POLICLINICO DI MONZA SPA;2;PRIVATO;43;UROLOGIA
2014;909;AO CITTA' DELLA SALUTE E DELLA SCIENZA DI TORINO;1090901;OSPEDALE SAN GIOVANNI BATTISTA MOLINETTE;1;PUBBLICO;64;ONCOLOGIA
2014;909;AO CITTA' DELLA SALUTE E DELLA SCIENZA DI TORINO;1090906;OSPEDALE OSTETRICO GINECOLOGICO SANT'ANNA;1;PUBBLICO;73;TERAPIA INTENSIVA NEONATALE
2014;909;AO CITTA' DELLA SALUTE E DELLA SCIENZA DI TORINO;1090907;OSPEDALE INFANTANTILE REGINA MARGHERITA;1;PUBBLICO;24;MALATTIE INFETTIVE E TROPICALI
2014;202;TO 2;1061100;VILLA MARIA PIA HOSPITAL;2;PRIVATO;26;MEDICINA GENERALE
2014;909;AO CITTA' DELLA SALUTE E DELLA SCIENZA DI TORINO;1090901;OSPEDALE SAN GIOVANNI BATTISTA MOLINETTE;1;PUBBLICO;70;RADIOTERAPIA
2014;909;AO CITTA' DELLA SALUTE E DELLA SCIENZA DI TORINO;1090907;OSPEDALE INFANTANTILE REGINA MARGHERITA;1;PUBBLICO;1;ALLERGOLOGIA
2014;909;AO CITTA' DELLA SALUTE E DELLA SCIENZA DI TORINO;1090907;OSPEDALE INFANTANTILE REGINA MARGHERITA;1;PUBBLICO;36;ORTOPEDIA E TRAUMATOLOGIA
2014;202;TO 2;1061100;VILLA MARIA PIA HOSPITAL;2;PRIVATO;43;UROLOGIA
2014;909;AO CITTA' DELLA SALUTE E DELLA SCIENZA DI TORINO;1090901;OSPEDALE SAN GIOVANNI BATTISTA MOLINETTE;1;PUBBLICO;71;REUMATOLOGIA
2014;909;AO CITTA' DELLA SALUTE E DELLA SCIENZA DI TORINO;1090907;OSPEDALE INFANTANTILE REGINA MARGHERITA;1;PUBBLICO;8;CARDIOLOGIA
2014;922;IRCC - ISTITUTO CANDIOLO (dal 06/04/2013);1092200;FONDAZIONE DEL PIEMONTE PER L'ONCOLOGIA;1;PUBBLICO;64;ONCOLOGIA
2014;205;TO 5;1061800;CASA DI CURA E RIPOSO S. LUCA S.P.A.;2;PRIVATO;26;MEDICINA GENERALE
2014;909;AO CITTA' DELLA SALUTE E DELLA SCIENZA DI TORINO;1090901;OSPEDALE SAN GIOVANNI BATTISTA MOLINETTE;1;PUBBLICO;97;DETENUTI
2014;201;TO 1;1061200;CASA DI CURA KOELLIKER OSPEDALINO;2;PRIVATO;56;RECUPERO E RIABILITAZIONE FUNZIONALE
2014;202;TO 2;1061100;VILLA MARIA PIA HOSPITAL;2;PRIVATO;30;NEUROCHIRURGIA
2014;909;AO CITTA' DELLA SALUTE E DELLA SCIENZA DI TORINO;1090907;OSPEDALE INFANTANTILE REGINA MARGHERITA;1;PUBBLICO;65;ONCOEMATOLOGIA PEDIATRICA
2014;909;AO CITTA' DELLA SALUTE E DELLA SCIENZA DI TORINO;1090901;OSPEDALE SAN GIOVANNI BATTISTA MOLINETTE;1;PUBBLICO;29;NEFROLOGIA
2014;205;TO 5;1061800;CASA DI CURA E RIPOSO S. LUCA S.P.A.;2;PRIVATO;60;LUNGODEGENTI
2014;909;AO CITTA' DELLA SALUTE E DELLA SCIENZA DI TORINO;1090907;OSPEDALE INFANTANTILE REGINA MARGHERITA;1;PUBBLICO;6;CARDIOCHIRURGIA INFANTILE
2014;204;TO 4;1061600;POLICLINICO DI MONZA SPA;2;PRIVATO;30;NEUROCHIRURGIA
2014;920;ISTITUTO AUXOLOGICO ITALIANO;1092000;CENTRO AUXOLOGICO ITALIANO;1;PUBBLICO;26;MEDICINA GENERALE
2014;203;TO 3;1061500;CASA DI CURA VILLA PATRIZIA - S.R.L.;2;PRIVATO;60;LUNGODEGENTI
2014;909;AO CITTA' DELLA SALUTE E DELLA SCIENZA DI TORINO;1090901;OSPEDALE SAN GIOVANNI BATTISTA MOLINETTE;1;PUBBLICO;32;NEUROLOGIA
2014;206;VC;1062600;POLICLINICO DI MONZA SPA;2;PRIVATO;37;OSTETRICIA E GINECOLOGIA
2014;207;BI;1065600;POLICLINICO DI MONZA S.P.A. PRESIDIO CLINICA LA VIALARDA;2;PRIVATO;43;UROLOGIA
2014;909;AO CITTA' DELLA SALUTE E DELLA SCIENZA DI TORINO;1090907;OSPEDALE INFANTANTILE REGINA MARGHERITA;1;PUBBLICO;38;OTORINOLARINGOIATRIA
2014;205;TO 5;1061800;CASA DI CURA E RIPOSO S. LUCA S.P.A.;2;PRIVATO;9;CHIRURGIA GENERALE
2014;201;TO 1;1061200;CASA DI CURA KOELLIKER OSPEDALINO;2;PRIVATO;34;OCULISTICA
2014;909;AO CITTA' DELLA SALUTE E DELLA SCIENZA DI TORINO;1090904;OSPEDALE CENTRO TRAUMATOLOGICO ORTOPEDICO;1;PUBBLICO;25;MEDICINA DEL LAVORO
2014;206;VC;1065700;CASA DI CURA CENTRO R.R.F. MONS. LUIGI NOVARESE;2;PRIVATO;56;RECUPERO E RIABILITAZIONE FUNZIONALE
2014;201;TO 1;1061200;CASA DI CURA KOELLIKER OSPEDALINO;2;PRIVATO;38;OTORINOLARINGOIATRIA
2014;207;BI;1062700;CASA DI CURA SAN GIORGIO SRL;2;PRIVATO;56;RECUPERO E RIABILITAZIONE FUNZIONALE
2014;202;TO 2;1061100;VILLA MARIA PIA HOSPITAL;2;PRIVATO;36;ORTOPEDIA E TRAUMATOLOGIA
2014;909;AO CITTA' DELLA SALUTE E DELLA SCIENZA DI TORINO;1090907;OSPEDALE INFANTANTILE REGINA MARGHERITA;1;PUBBLICO;78;UROLOGIA PEDIATRICA
2014;207;BI;1065600;POLICLINICO DI MONZA S.P.A. PRESIDIO CLINICA LA VIALARDA;2;PRIVATO;56;RECUPERO E RIABILITAZIONE FUNZIONALE
2014;201;TO 1;1065500;CASA DI CURA CELLINI;2;PRIVATO;43;UROLOGIA
2014;207;BI;1062700;CASA DI CURA SAN GIORGIO SRL;2;PRIVATO;60;LUNGODEGENTI
2014;909;AO CITTA' DELLA SALUTE E DELLA SCIENZA DI TORINO;1090901;OSPEDALE SAN GIOVANNI BATTISTA MOLINETTE;1;PUBBLICO;58;GASTROENTEROLOGIA
2014;909;AO CITTA' DELLA SALUTE E DELLA SCIENZA DI TORINO;1090901;OSPEDALE SAN GIOVANNI BATTISTA MOLINETTE;1;PUBBLICO;67;PENSIONANTI
2014;909;AO CITTA' DELLA SALUTE E DELLA SCIENZA DI TORINO;1090901;OSPEDALE SAN GIOVANNI BATTISTA MOLINETTE;1;PUBBLICO;21;GERIATRIA
2014;909;AO CITTA' DELLA SALUTE E DELLA SCIENZA DI TORINO;1090901;OSPEDALE SAN GIOVANNI BATTISTA MOLINETTE;1;PUBBLICO;40;PSICHIATRIA
2014;909;AO CITTA' DELLA SALUTE E DELLA SCIENZA DI TORINO;1090901;OSPEDALE SAN GIOVANNI BATTISTA MOLINETTE;1;PUBBLICO;30;NEUROCHIRURGIA
2014;909;AO CITTA' DELLA SALUTE E DELLA SCIENZA DI TORINO;1090901;OSPEDALE SAN GIOVANNI BATTISTA MOLINETTE;1;PUBBLICO;68;PNEUMOLOGIA
2014;909;AO CITTA' DELLA SALUTE E DELLA SCIENZA DI TORINO;1090907;OSPEDALE INFANTANTILE REGINA MARGHERITA;1;PUBBLICO;62;NEONATOLOGIA
2014;909;AO CITTA' DELLA SALUTE E DELLA SCIENZA DI TORINO;1090901;OSPEDALE SAN GIOVANNI BATTISTA MOLINETTE;1;PUBBLICO;13;CHIRURGIA TORACICA
2014;205;TO 5;1062000;CASA DI CURA VILLA DI SALUTE SPA;2;PRIVATO;60;LUNGODEGENTI
2014;920;ISTITUTO AUXOLOGICO ITALIANO;1092000;CENTRO AUXOLOGICO ITALIANO;1;PUBBLICO;39;PEDIATRIA
2014;201;TO 1;1065500;CASA DI CURA CELLINI;2;PRIVATO;64;ONCOLOGIA
2014;208;NO;1062800;POLICLINICO DI MONZA SPA;2;PRIVATO;30;NEUROCHIRURGIA
2014;909;AO CITTA' DELLA SALUTE E DELLA SCIENZA DI TORINO;1090901;OSPEDALE SAN GIOVANNI BATTISTA MOLINETTE;1;PUBBLICO;50;UNITA' CORONARICA
2014;909;AO CITTA' DELLA SALUTE E DELLA SCIENZA DI TORINO;1090901;OSPEDALE SAN GIOVANNI BATTISTA MOLINETTE;1;PUBBLICO;18;EMATOLOGIA
2014;920;ISTITUTO AUXOLOGICO ITALIANO;1092000;CENTRO AUXOLOGICO ITALIANO;1;PUBBLICO;32;NEUROLOGIA
2014;909;AO CITTA' DELLA SALUTE E DELLA SCIENZA DI TORINO;1090902;OSPEDALE DERMATOLOGICO SAN LAZZARO;1;PUBBLICO;52;DERMATOLOGIA
2014;909;AO CITTA' DELLA SALUTE E DELLA SCIENZA DI TORINO;1090905;ISTITUTO CHIRURGICO ORTOPEDICO REGINA MARIA ADELAIDE;1;PUBBLICO;56;RECUPERO E RIABILITAZIONE FUNZIONALE
2014;909;AO CITTA' DELLA SALUTE E DELLA SCIENZA DI TORINO;1090904;OSPEDALE CENTRO TRAUMATOLOGICO ORTOPEDICO;1;PUBBLICO;29;NEFROLOGIA
2014;909;AO CITTA' DELLA SALUTE E DELLA SCIENZA DI TORINO;1090904;OSPEDALE CENTRO TRAUMATOLOGICO ORTOPEDICO;1;PUBBLICO;19;MALATTIE ENDOCRINE, DEL RICAMBIO E DELLA NUTRIZIONE
2014;909;AO CITTA' DELLA SALUTE E DELLA SCIENZA DI TORINO;1090904;OSPEDALE CENTRO TRAUMATOLOGICO ORTOPEDICO;1;PUBBLICO;98;DAY SURGERY(MULTISPECIALISTICO)
2014;203;TO 3;1065100;CASA DI CURA MADONNA DEI BOSCHI;2;PRIVATO;56;RECUPERO E RIABILITAZIONE FUNZIONALE
2014;206;VC;1062600;POLICLINICO DI MONZA SPA;2;PRIVATO;26;MEDICINA GENERALE
2014;909;AO CITTA' DELLA SALUTE E DELLA SCIENZA DI TORINO;1090901;OSPEDALE SAN GIOVANNI BATTISTA MOLINETTE;1;PUBBLICO;19;MALATTIE ENDOCRINE, DEL RICAMBIO E DELLA NUTRIZIONE
2014;201;TO 1;1065300;PROMEA S.P.A.;2;PRIVATO;98;DAY SURGERY(MULTISPECIALISTICO)
2014;909;AO CITTA' DELLA SALUTE E DELLA SCIENZA DI TORINO;1090906;OSPEDALE OSTETRICO GINECOLOGICO SANT'ANNA;1;PUBBLICO;64;ONCOLOGIA
2014;909;AO CITTA' DELLA SALUTE E DELLA SCIENZA DI TORINO;1090904;OSPEDALE CENTRO TRAUMATOLOGICO ORTOPEDICO;1;PUBBLICO;75;NEURORIABILITAZIONE
2014;909;AO CITTA' DELLA SALUTE E DELLA SCIENZA DI TORINO;1090904;OSPEDALE CENTRO TRAUMATOLOGICO ORTOPEDICO;1;PUBBLICO;9;CHIRURGIA GENERALE
2014;922;IRCC - ISTITUTO CANDIOLO (dal 06/04/2013);1092200;FONDAZIONE DEL PIEMONTE PER L'ONCOLOGIA;1;PUBBLICO;98;DAY SURGERY(MULTISPECIALISTICO)
2014;922;IRCC - ISTITUTO CANDIOLO (dal 06/04/2013);1092200;FONDAZIONE DEL PIEMONTE PER L'ONCOLOGIA;1;PUBBLICO;37;OSTETRICIA E GINECOLOGIA
2014;909;AO CITTA' DELLA SALUTE E DELLA SCIENZA DI TORINO;1090905;ISTITUTO CHIRURGICO ORTOPEDICO REGINA MARIA ADELAIDE;1;PUBBLICO;43;UROLOGIA
2014;201;TO 1;1061200;CASA DI CURA KOELLIKER OSPEDALINO;2;PRIVATO;43;UROLOGIA
2014;204;TO 4;1062200;SANTA CROCE SRL;2;PRIVATO;56;RECUPERO E RIABILITAZIONE FUNZIONALE
2014;909;AO CITTA' DELLA SALUTE E DELLA SCIENZA DI TORINO;1090901;OSPEDALE SAN GIOVANNI BATTISTA MOLINETTE;1;PUBBLICO;26;MEDICINA GENERALE
2014;909;AO CITTA' DELLA SALUTE E DELLA SCIENZA DI TORINO;1090907;OSPEDALE INFANTANTILE REGINA MARGHERITA;1;PUBBLICO;11;CHIRURGIA PEDIATRICA
2014;202;TO 2;1061100;VILLA MARIA PIA HOSPITAL;2;PRIVATO;9;CHIRURGIA GENERALE
2014;909;AO CITTA' DELLA SALUTE E DELLA SCIENZA DI TORINO;1090905;ISTITUTO CHIRURGICO ORTOPEDICO REGINA MARIA ADELAIDE;1;PUBBLICO;67;PENSIONANTI
2014;201;TO 1;1061200;CASA DI CURA KOELLIKER OSPEDALINO;2;PRIVATO;32;NEUROLOGIA
2014;909;AO CITTA' DELLA SALUTE E DELLA SCIENZA DI TORINO;1090906;OSPEDALE OSTETRICO GINECOLOGICO SANT'ANNA;1;PUBBLICO;62;NEONATOLOGIA
2014;203;TO 3;1064600;CASA DI CURA VILLA IRIS SRL;2;PRIVATO;60;LUNGODEGENTI
2014;909;AO CITTA' DELLA SALUTE E DELLA SCIENZA DI TORINO;1090907;OSPEDALE INFANTANTILE REGINA MARGHERITA;1;PUBBLICO;33;NEUROPSICHIATRIA INFANTILE
2014;201;TO 1;1065500;CASA DI CURA CELLINI;2;PRIVATO;34;OCULISTICA
2014;208;NO;1062800;POLICLINICO DI MONZA SPA;2;PRIVATO;34;OCULISTICA
2014;207;BI;1065600;POLICLINICO DI MONZA S.P.A. PRESIDIO CLINICA LA VIALARDA;2;PRIVATO;36;ORTOPEDIA E TRAUMATOLOGIA
2014;909;AO CITTA' DELLA SALUTE E DELLA SCIENZA DI TORINO;1090902;OSPEDALE DERMATOLOGICO SAN LAZZARO;1;PUBBLICO;2;DAY HOSPITAL (MULTISPECIALISTICO)
2014;201;TO 1;1061200;CASA DI CURA KOELLIKER OSPEDALINO;2;PRIVATO;98;DAY SURGERY(MULTISPECIALISTICO)
2014;909;AO CITTA' DELLA SALUTE E DELLA SCIENZA DI TORINO;1090907;OSPEDALE INFANTANTILE REGINA MARGHERITA;1;PUBBLICO;48;NEFROLOGIA (ABILITATO AL TRAPIANTO DI RENE)
2014;909;AO CITTA' DELLA SALUTE E DELLA SCIENZA DI TORINO;1090907;OSPEDALE INFANTANTILE REGINA MARGHERITA;1;PUBBLICO;39;PEDIATRIA
2014;203;TO 3;1062100;CASA DI CURA VILLA SERENA - S.P.A.;2;PRIVATO;56;RECUPERO E RIABILITAZIONE FUNZIONALE
2014;204;TO 4;1061600;POLICLINICO DI MONZA SPA;2;PRIVATO;13;CHIRURGIA TORACICA
2014;909;AO CITTA' DELLA SALUTE E DELLA SCIENZA DI TORINO;1090907;OSPEDALE INFANTANTILE REGINA MARGHERITA;1;PUBBLICO;98;DAY SURGERY(MULTISPECIALISTICO)
2014;909;AO CITTA' DELLA SALUTE E DELLA SCIENZA DI TORINO;1090907;OSPEDALE INFANTANTILE REGINA MARGHERITA;1;PUBBLICO;46;GRANDI USTIONI PEDIATRICHE
2014;203;TO 3;1061400;CASA DI CURA VILLE AUGUSTA - S.R.L.;2;PRIVATO;60;LUNGODEGENTI
2014;909;AO CITTA' DELLA SALUTE E DELLA SCIENZA DI TORINO;1090907;OSPEDALE INFANTANTILE REGINA MARGHERITA;1;PUBBLICO;49;TERAPIA INTENSIVA
2014;909;AO CITTA' DELLA SALUTE E DELLA SCIENZA DI TORINO;1090904;OSPEDALE CENTRO TRAUMATOLOGICO ORTOPEDICO;1;PUBBLICO;47;GRANDI USTIONATI
2014;909;AO CITTA' DELLA SALUTE E DELLA SCIENZA DI TORINO;1090907;OSPEDALE INFANTANTILE REGINA MARGHERITA;1;PUBBLICO;67;PENSIONANTI
2014;204;TO 4;1061700;CASA DI CURA VILLE TURINA AMIONE;2;PRIVATO;40;PSICHIATRIA
2014;204;TO 4;1061600;POLICLINICO DI MONZA SPA;2;PRIVATO;26;MEDICINA GENERALE
2014;909;AO CITTA' DELLA SALUTE E DELLA SCIENZA DI TORINO;1090907;OSPEDALE INFANTANTILE REGINA MARGHERITA;1;PUBBLICO;58;GASTROENTEROLOGIA
2014;201;TO 1;1065500;CASA DI CURA CELLINI;2;PRIVATO;7;CARDIOCHIRURGIA
2014;201;TO 1;1065500;CASA DI CURA CELLINI;2;PRIVATO;30;NEUROCHIRURGIA
2014;201;TO 1;1065500;CASA DI CURA CELLINI;2;PRIVATO;36;ORTOPEDIA E TRAUMATOLOGIA
2014;202;TO 2;1061100;VILLA MARIA PIA HOSPITAL;2;PRIVATO;8;CARDIOLOGIA
2014;204;TO 4;1061700;CASA DI CURA VILLE TURINA AMIONE;2;PRIVATO;56;RECUPERO E RIABILITAZIONE FUNZIONALE
2014;909;AO CITTA' DELLA SALUTE E DELLA SCIENZA DI TORINO;1090906;OSPEDALE OSTETRICO GINECOLOGICO SANT'ANNA;1;PUBBLICO;31;NIDO
2014;201;TO 1;1065500;CASA DI CURA CELLINI;2;PRIVATO;14;CHIRURGIA VASCOLARE
2014;205;TO 5;1061800;CASA DI CURA E RIPOSO S. LUCA S.P.A.;2;PRIVATO;8;CARDIOLOGIA
2014;909;AO CITTA' DELLA SALUTE E DELLA SCIENZA DI TORINO;1090907;OSPEDALE INFANTANTILE REGINA MARGHERITA;1;PUBBLICO;76;NEUROCHIRURGIA PEDIATRICA
2014;203;TO 3;1062300;VILLA PAPA GIOVANNI XXIII;2;PRIVATO;56;RECUPERO E RIABILITAZIONE FUNZIONALE
2014;203;TO 3;1061400;CASA DI CURA VILLE AUGUSTA - S.R.L.;2;PRIVATO;56;RECUPERO E RIABILITAZIONE FUNZIONALE
2014;205;TO 5;1062000;CASA DI CURA VILLA DI SALUTE SPA;2;PRIVATO;40;PSICHIATRIA
2014;201;TO 1;1065500;CASA DI CURA CELLINI;2;PRIVATO;26;MEDICINA GENERALE
2014;909;AO CITTA' DELLA SALUTE E DELLA SCIENZA DI TORINO;1090906;OSPEDALE OSTETRICO GINECOLOGICO SANT'ANNA;1;PUBBLICO;49;TERAPIA INTENSIVA
2014;208;NO;1064900;CASA DI CURA I CEDRI;2;PRIVATO;9;CHIRURGIA GENERALE
2014;922;IRCC - ISTITUTO CANDIOLO (dal 06/04/2013);1092200;FONDAZIONE DEL PIEMONTE PER L'ONCOLOGIA;1;PUBBLICO;2;DAY HOSPITAL (MULTISPECIALISTICO)
2014;205;TO 5;1064800;ADRIANA S.R.L.;2;PRIVATO;56;RECUPERO E RIABILITAZIONE FUNZIONALE
2014;204;TO 4;1061600;POLICLINICO DI MONZA SPA;2;PRIVATO;14;CHIRURGIA VASCOLARE
2014;203;TO 3;1062100;CASA DI CURA VILLA SERENA - S.P.A.;2;PRIVATO;60;LUNGODEGENTI
2014;909;AO CITTA' DELLA SALUTE E DELLA SCIENZA DI TORINO;1090906;OSPEDALE OSTETRICO GINECOLOGICO SANT'ANNA;1;PUBBLICO;67;PENSIONANTI
2014;205;TO 5;1062000;CASA DI CURA VILLA DI SALUTE SPA;2;PRIVATO;56;RECUPERO E RIABILITAZIONE FUNZIONALE
2014;922;IRCC - ISTITUTO CANDIOLO (dal 06/04/2013);1092200;FONDAZIONE DEL PIEMONTE PER L'ONCOLOGIA;1;PUBBLICO;49;TERAPIA INTENSIVA
2014;204;TO 4;1061600;POLICLINICO DI MONZA SPA;2;PRIVATO;56;RECUPERO E RIABILITAZIONE FUNZIONALE
2014;205;TO 5;1064800;ADRIANA S.R.L.;2;PRIVATO;60;LUNGODEGENTI
2014;203;TO 3;1064600;CASA DI CURA VILLA IRIS SRL;2;PRIVATO;56;RECUPERO E RIABILITAZIONE FUNZIONALE
2014;909;AO CITTA' DELLA SALUTE E DELLA SCIENZA DI TORINO;1090907;OSPEDALE INFANTANTILE REGINA MARGHERITA;1;PUBBLICO;77;NEFROLOGIA PEDIATRICA
2014;208;NO;1062800;POLICLINICO DI MONZA SPA;2;PRIVATO;7;CARDIOCHIRURGIA
2014;201;TO 1;1061200;CASA DI CURA KOELLIKER OSPEDALINO;2;PRIVATO;36;ORTOPEDIA E TRAUMATOLOGIA
2014;204;TO 4;1064400;VILLA GRAZIA SRL;2;PRIVATO;56;RECUPERO E RIABILITAZIONE FUNZIONALE
2014;205;TO 5;1061800;CASA DI CURA E RIPOSO S. LUCA S.P.A.;2;PRIVATO;37;OSTETRICIA E GINECOLOGIA
2014;204;TO 4;1061600;POLICLINICO DI MONZA SPA;2;PRIVATO;36;ORTOPEDIA E TRAUMATOLOGIA
2014;207;BI;1065600;POLICLINICO DI MONZA S.P.A. PRESIDIO CLINICA LA VIALARDA;2;PRIVATO;60;LUNGODEGENTI
2014;201;TO 1;1061200;CASA DI CURA KOELLIKER OSPEDALINO;2;PRIVATO;37;OSTETRICIA E GINECOLOGIA
2014;205;TO 5;1061800;CASA DI CURA E RIPOSO S. LUCA S.P.A.;2;PRIVATO;43;UROLOGIA
2014;208;NO;1062800;POLICLINICO DI MONZA SPA;2;PRIVATO;26;MEDICINA GENERALE
2014;208;NO;1063000;CASA DI CURA S.CARLO DI ARONA;2;PRIVATO;60;LUNGODEGENTI
2014;208;NO;1062800;POLICLINICO DI MONZA SPA;2;PRIVATO;9;CHIRURGIA GENERALE
2014;201;TO 1;1065500;CASA DI CURA CELLINI;2;PRIVATO;8;CARDIOLOGIA
2014;208;NO;1064900;CASA DI CURA I CEDRI;2;PRIVATO;26;MEDICINA GENERALE
2014;201;TO 1;1065500;CASA DI CURA CELLINI;2;PRIVATO;9;CHIRURGIA GENERALE
2014;202;TO 2;1061100;VILLA MARIA PIA HOSPITAL;2;PRIVATO;34;OCULISTICA
2014;203;TO 3;1061400;CASA DI CURA VILLE AUGUSTA - S.R.L.;2;PRIVATO;40;PSICHIATRIA
2014;204;TO 4;1061700;CASA DI CURA VILLE TURINA AMIONE;2;PRIVATO;60;LUNGODEGENTI
2014;206;VC;1062600;POLICLINICO DI MONZA SPA;2;PRIVATO;9;CHIRURGIA GENERALE
2014;206;VC;1062600;POLICLINICO DI MONZA SPA;2;PRIVATO;36;ORTOPEDIA E TRAUMATOLOGIA
2014;206;VC;1062600;POLICLINICO DI MONZA SPA;2;PRIVATO;56;RECUPERO E RIABILITAZIONE FUNZIONALE
2014;208;NO;1062800;POLICLINICO DI MONZA SPA;2;PRIVATO;36;ORTOPEDIA E TRAUMATOLOGIA
2014;208;NO;1066500;CASA DI CURA VILLA CRISTINA;2;PRIVATO;40;PSICHIATRIA
2014;208;NO;1064900;CASA DI CURA I CEDRI;2;PRIVATO;36;ORTOPEDIA E TRAUMATOLOGIA
2014;208;NO;1066500;CASA DI CURA VILLA CRISTINA;2;PRIVATO;60;LUNGODEGENTI
2014;209;VCO;1062900;CASA DI CURA L'EREMO DI MIAZZINA;2;PRIVATO;56;RECUPERO E RIABILITAZIONE FUNZIONALE
2014;211;CN 2;1063200;CASA DI CURA CITTA' DI BRA;2;PRIVATO;14;CHIRURGIA VASCOLARE
2014;210;CN 1;1064700;FONDAZIONE ORIZZONTE SPERANZA - ONLUS;2;PRIVATO;56;RECUPERO E RIABILITAZIONE FUNZIONALE
2014;211;CN 2;1063200;CASA DI CURA CITTA' DI BRA;2;PRIVATO;56;RECUPERO E RIABILITAZIONE FUNZIONALE
2014;213;AL;1064100;CASA DI CURA VILLA IGEA;2;PRIVATO;36;ORTOPEDIA E TRAUMATOLOGIA
2014;211;CN 2;1063500;"CASA DI CURA ""LA RESIDENZA""";2;PRIVATO;56;RECUPERO E RIABILITAZIONE FUNZIONALE
2014;211;CN 2;1063200;CASA DI CURA CITTA' DI BRA;2;PRIVATO;36;ORTOPEDIA E TRAUMATOLOGIA
2014;213;AL;1064100;CASA DI CURA VILLA IGEA;2;PRIVATO;26;MEDICINA GENERALE
2014;213;AL;1064300;NUOVA CASA DI CURA CITTA' DI ALESSANDRIA;2;PRIVATO;36;ORTOPEDIA E TRAUMATOLOGIA
2014;213;AL;1064000;POLICLINICO DI MONZA PRESIDIO SALUS;2;PRIVATO;60;LUNGODEGENTI
2014;211;CN 2;1063200;CASA DI CURA CITTA' DI BRA;2;PRIVATO;98;DAY SURGERY(MULTISPECIALISTICO)
2014;210;CN 1;1063400;CASA DI CURA MONTESERRAT S.R.L;2;PRIVATO;60;LUNGODEGENTI
2014;211;CN 2;1063200;CASA DI CURA CITTA' DI BRA;2;PRIVATO;60;LUNGODEGENTI
2014;213;AL;1064200;CASA DI CURA SANT'ANNA;2;PRIVATO;34;OCULISTICA
2014;213;AL;1064000;POLICLINICO DI MONZA PRESIDIO SALUS;2;PRIVATO;98;DAY SURGERY(MULTISPECIALISTICO)
2014;211;CN 2;1063200;CASA DI CURA CITTA' DI BRA;2;PRIVATO;26;MEDICINA GENERALE
2014;213;AL;1064000;POLICLINICO DI MONZA PRESIDIO SALUS;2;PRIVATO;36;ORTOPEDIA E TRAUMATOLOGIA
2014;213;AL;1064200;CASA DI CURA SANT'ANNA;2;PRIVATO;26;MEDICINA GENERALE
2014;211;CN 2;1063200;CASA DI CURA CITTA' DI BRA;2;PRIVATO;9;CHIRURGIA GENERALE
2014;213;AL;1064000;POLICLINICO DI MONZA PRESIDIO SALUS;2;PRIVATO;26;MEDICINA GENERALE
2014;213;AL;1064200;CASA DI CURA SANT'ANNA;2;PRIVATO;9;CHIRURGIA GENERALE
2014;213;AL;1064300;NUOVA CASA DI CURA CITTA' DI ALESSANDRIA;2;PRIVATO;7;CARDIOCHIRURGIA
2014;211;CN 2;1063200;CASA DI CURA CITTA' DI BRA;2;PRIVATO;34;OCULISTICA
2014;213;AL;1064000;POLICLINICO DI MONZA PRESIDIO SALUS;2;PRIVATO;9;CHIRURGIA GENERALE
2014;213;AL;1064300;NUOVA CASA DI CURA CITTA' DI ALESSANDRIA;2;PRIVATO;26;MEDICINA GENERALE
2014;213;AL;1064300;NUOVA CASA DI CURA CITTA' DI ALESSANDRIA;2;PRIVATO;43;UROLOGIA
2014;211;CN 2;1063100;CASA DI CURA SAN MICHELE;2;PRIVATO;56;RECUPERO E RIABILITAZIONE FUNZIONALE
2014;213;AL;1064000;POLICLINICO DI MONZA PRESIDIO SALUS;2;PRIVATO;56;RECUPERO E RIABILITAZIONE FUNZIONALE
2014;208;NO;1064900;CASA DI CURA I CEDRI;2;PRIVATO;34;OCULISTICA
2014;209;VCO;1062900;CASA DI CURA L'EREMO DI MIAZZINA;2;PRIVATO;60;LUNGODEGENTI
2014;211;CN 2;1063200;CASA DI CURA CITTA' DI BRA;2;PRIVATO;43;UROLOGIA
2014;208;NO;1066500;CASA DI CURA VILLA CRISTINA;2;PRIVATO;56;RECUPERO E RIABILITAZIONE FUNZIONALE
2014;213;AL;1064000;POLICLINICO DI MONZA PRESIDIO SALUS;2;PRIVATO;75;NEURORIABILITAZIONE
2014;211;CN 2;1063100;CASA DI CURA SAN MICHELE;2;PRIVATO;60;LUNGODEGENTI
2014;213;AL;1064300;NUOVA CASA DI CURA CITTA' DI ALESSANDRIA;2;PRIVATO;9;CHIRURGIA GENERALE
2014;210;CN 1;1063300;EX ISTITUTO CLIMATICO DI ROBILANTE DEL DOTT. GIOVANNI CAPITOLO;2;PRIVATO;56;RECUPERO E RIABILITAZIONE FUNZIONALE
2014;212;AT;1065400;CENTRO CHIRURGICO GUTTUARI;2;PRIVATO;2;DAY HOSPITAL (MULTISPECIALISTICO)
2014;213;AL;1064300;NUOVA CASA DI CURA CITTA' DI ALESSANDRIA;2;PRIVATO;34;OCULISTICA
2014;211;CN 2;1063100;CASA DI CURA SAN MICHELE;2;PRIVATO;40;PSICHIATRIA
2014;213;AL;1064000;POLICLINICO DI MONZA PRESIDIO SALUS;2;PRIVATO;32;NEUROLOGIA
2014;213;AL;1064100;CASA DI CURA VILLA IGEA;2;PRIVATO;56;RECUPERO E RIABILITAZIONE FUNZIONALE
2014;208;NO;1064900;CASA DI CURA I CEDRI;2;PRIVATO;56;RECUPERO E RIABILITAZIONE FUNZIONALE
2014;213;AL;1064200;CASA DI CURA SANT'ANNA;2;PRIVATO;36;ORTOPEDIA E TRAUMATOLOGIA
2014;210;CN 1;1063300;EX ISTITUTO CLIMATICO DI ROBILANTE DEL DOTT. GIOVANNI CAPITOLO;2;PRIVATO;60;LUNGODEGENTI
2014;211;CN 2;1063200;CASA DI CURA CITTA' DI BRA;2;PRIVATO;38;OTORINOLARINGOIATRIA
2014;213;AL;1064100;CASA DI CURA VILLA IGEA;2;PRIVATO;9;CHIRURGIA GENERALE
2014;213;AL;1064300;NUOVA CASA DI CURA CITTA' DI ALESSANDRIA;2;PRIVATO;8;CARDIOLOGIA
2014;212;AT;1063900;CASA DI CURA S. ANNA SPA;2;PRIVATO;56;RECUPERO E RIABILITAZIONE FUNZIONALE
2014;213;AL;1064200;CASA DI CURA SANT'ANNA;2;PRIVATO;37;OSTETRICIA E GINECOLOGIA
2014;213;AL;1064200;CASA DI CURA SANT'ANNA;2;PRIVATO;60;LUNGODEGENTI